{
  "id": "1151961",
  "name": "shn-ui",
  "font_family": "shni",
  "css_prefix_text": "shn-",
  "description": "",
  "glyphs": [
    {
      "icon_id": "5134",
      "name": "母婴玩具",
      "font_class": "muyingwanju",
      "unicode": "e600",
      "unicode_decimal": 58880
    },
    {
      "icon_id": "1899047",
      "name": "steam-square",
      "font_class": "steam-fill",
      "unicode": "e724",
      "unicode_decimal": 59172
    },
    {
      "icon_id": "4424124",
      "name": "小程序",
      "font_class": "xiaochengxu",
      "unicode": "e61e",
      "unicode_decimal": 58910
    },
    {
      "icon_id": "4586578",
      "name": "close",
      "font_class": "close_1",
      "unicode": "e9bf",
      "unicode_decimal": 59839
    },
    {
      "icon_id": "4765721",
      "name": "check-circle",
      "font_class": "check-circle",
      "unicode": "e77d",
      "unicode_decimal": 59261
    },
    {
      "icon_id": "4765722",
      "name": "CI",
      "font_class": "CI",
      "unicode": "e77e",
      "unicode_decimal": 59262
    },
    {
      "icon_id": "4765723",
      "name": "Dollar",
      "font_class": "Dollar",
      "unicode": "e77f",
      "unicode_decimal": 59263
    },
    {
      "icon_id": "4765724",
      "name": "compass",
      "font_class": "compass",
      "unicode": "e780",
      "unicode_decimal": 59264
    },
    {
      "icon_id": "4765725",
      "name": "close-circle",
      "font_class": "close-circle",
      "unicode": "e781",
      "unicode_decimal": 59265
    },
    {
      "icon_id": "4765726",
      "name": "frown",
      "font_class": "frown",
      "unicode": "e782",
      "unicode_decimal": 59266
    },
    {
      "icon_id": "4765727",
      "name": "info-circle",
      "font_class": "info-circle",
      "unicode": "e783",
      "unicode_decimal": 59267
    },
    {
      "icon_id": "4765728",
      "name": "left-circle",
      "font_class": "left-circle",
      "unicode": "e784",
      "unicode_decimal": 59268
    },
    {
      "icon_id": "4765729",
      "name": "down-circle",
      "font_class": "down-circle",
      "unicode": "e785",
      "unicode_decimal": 59269
    },
    {
      "icon_id": "4765730",
      "name": "EURO",
      "font_class": "EURO",
      "unicode": "e786",
      "unicode_decimal": 59270
    },
    {
      "icon_id": "4765731",
      "name": "copyright",
      "font_class": "copyright",
      "unicode": "e787",
      "unicode_decimal": 59271
    },
    {
      "icon_id": "4765732",
      "name": "minus-circle",
      "font_class": "minus-circle",
      "unicode": "e788",
      "unicode_decimal": 59272
    },
    {
      "icon_id": "4765733",
      "name": "meh",
      "font_class": "meh",
      "unicode": "e789",
      "unicode_decimal": 59273
    },
    {
      "icon_id": "4765734",
      "name": "plus-circle",
      "font_class": "plus-circle",
      "unicode": "e78a",
      "unicode_decimal": 59274
    },
    {
      "icon_id": "4765735",
      "name": "play-circle",
      "font_class": "play-circle",
      "unicode": "e78b",
      "unicode_decimal": 59275
    },
    {
      "icon_id": "4765736",
      "name": "question-circle",
      "font_class": "question-circle",
      "unicode": "e78c",
      "unicode_decimal": 59276
    },
    {
      "icon_id": "4765737",
      "name": "Pound",
      "font_class": "Pound",
      "unicode": "e78d",
      "unicode_decimal": 59277
    },
    {
      "icon_id": "4765738",
      "name": "right-circle",
      "font_class": "right-circle",
      "unicode": "e78e",
      "unicode_decimal": 59278
    },
    {
      "icon_id": "4765739",
      "name": "smile",
      "font_class": "smile",
      "unicode": "e78f",
      "unicode_decimal": 59279
    },
    {
      "icon_id": "4765740",
      "name": "trademark",
      "font_class": "trademark",
      "unicode": "e790",
      "unicode_decimal": 59280
    },
    {
      "icon_id": "4765741",
      "name": "time-circle",
      "font_class": "time-circle",
      "unicode": "e791",
      "unicode_decimal": 59281
    },
    {
      "icon_id": "4765742",
      "name": "time out",
      "font_class": "timeout",
      "unicode": "e792",
      "unicode_decimal": 59282
    },
    {
      "icon_id": "4765743",
      "name": "earth",
      "font_class": "earth",
      "unicode": "e793",
      "unicode_decimal": 59283
    },
    {
      "icon_id": "4765744",
      "name": "YUAN",
      "font_class": "YUAN",
      "unicode": "e794",
      "unicode_decimal": 59284
    },
    {
      "icon_id": "4765745",
      "name": "up-circle",
      "font_class": "up-circle",
      "unicode": "e795",
      "unicode_decimal": 59285
    },
    {
      "icon_id": "4765746",
      "name": "warning-circle",
      "font_class": "warning-circle",
      "unicode": "e796",
      "unicode_decimal": 59286
    },
    {
      "icon_id": "4765811",
      "name": "sync",
      "font_class": "sync",
      "unicode": "e797",
      "unicode_decimal": 59287
    },
    {
      "icon_id": "4765812",
      "name": "transaction",
      "font_class": "transaction",
      "unicode": "e798",
      "unicode_decimal": 59288
    },
    {
      "icon_id": "4765837",
      "name": "undo",
      "font_class": "undo",
      "unicode": "e799",
      "unicode_decimal": 59289
    },
    {
      "icon_id": "4765838",
      "name": "redo",
      "font_class": "redo",
      "unicode": "e79a",
      "unicode_decimal": 59290
    },
    {
      "icon_id": "4765852",
      "name": "reload",
      "font_class": "reload",
      "unicode": "e79b",
      "unicode_decimal": 59291
    },
    {
      "icon_id": "4765853",
      "name": "reload time",
      "font_class": "reloadtime",
      "unicode": "e79c",
      "unicode_decimal": 59292
    },
    {
      "icon_id": "4765866",
      "name": "message",
      "font_class": "message",
      "unicode": "e79d",
      "unicode_decimal": 59293
    },
    {
      "icon_id": "4765881",
      "name": "dashboard",
      "font_class": "dashboard",
      "unicode": "e79e",
      "unicode_decimal": 59294
    },
    {
      "icon_id": "4765886",
      "name": "issues close",
      "font_class": "issuesclose",
      "unicode": "e79f",
      "unicode_decimal": 59295
    },
    {
      "icon_id": "4765887",
      "name": "poweroff",
      "font_class": "poweroff",
      "unicode": "e7a0",
      "unicode_decimal": 59296
    },
    {
      "icon_id": "4765888",
      "name": "logout",
      "font_class": "logout",
      "unicode": "e7a1",
      "unicode_decimal": 59297
    },
    {
      "icon_id": "4765890",
      "name": "pie chart",
      "font_class": "piechart",
      "unicode": "e7a2",
      "unicode_decimal": 59298
    },
    {
      "icon_id": "4765891",
      "name": "setting",
      "font_class": "setting",
      "unicode": "e7a3",
      "unicode_decimal": 59299
    },
    {
      "icon_id": "4765896",
      "name": "eye",
      "font_class": "eye",
      "unicode": "e7a4",
      "unicode_decimal": 59300
    },
    {
      "icon_id": "4765897",
      "name": "location",
      "font_class": "location",
      "unicode": "e7a5",
      "unicode_decimal": 59301
    },
    {
      "icon_id": "4765957",
      "name": "edit-square",
      "font_class": "edit-square",
      "unicode": "e7a6",
      "unicode_decimal": 59302
    },
    {
      "icon_id": "4765958",
      "name": "export",
      "font_class": "export",
      "unicode": "e7a7",
      "unicode_decimal": 59303
    },
    {
      "icon_id": "4765959",
      "name": "save",
      "font_class": "save",
      "unicode": "e7a8",
      "unicode_decimal": 59304
    },
    {
      "icon_id": "4765960",
      "name": "Import",
      "font_class": "Import",
      "unicode": "e7a9",
      "unicode_decimal": 59305
    },
    {
      "icon_id": "4765962",
      "name": "app store",
      "font_class": "appstore",
      "unicode": "e7aa",
      "unicode_decimal": 59306
    },
    {
      "icon_id": "4765964",
      "name": "close-square",
      "font_class": "close-square",
      "unicode": "e7ab",
      "unicode_decimal": 59307
    },
    {
      "icon_id": "4765965",
      "name": "down-square",
      "font_class": "down-square",
      "unicode": "e7ac",
      "unicode_decimal": 59308
    },
    {
      "icon_id": "4765966",
      "name": "layout",
      "font_class": "layout",
      "unicode": "e7ad",
      "unicode_decimal": 59309
    },
    {
      "icon_id": "4765967",
      "name": "left-square",
      "font_class": "left-square",
      "unicode": "e7ae",
      "unicode_decimal": 59310
    },
    {
      "icon_id": "4765968",
      "name": "play-square",
      "font_class": "play-square",
      "unicode": "e7af",
      "unicode_decimal": 59311
    },
    {
      "icon_id": "4765969",
      "name": "control",
      "font_class": "control",
      "unicode": "e7b0",
      "unicode_decimal": 59312
    },
    {
      "icon_id": "4765970",
      "name": "code library",
      "font_class": "codelibrary",
      "unicode": "e7b1",
      "unicode_decimal": 59313
    },
    {
      "icon_id": "4765971",
      "name": "detail",
      "font_class": "detail",
      "unicode": "e7b2",
      "unicode_decimal": 59314
    },
    {
      "icon_id": "4765972",
      "name": "minus-square",
      "font_class": "minus-square",
      "unicode": "e7b3",
      "unicode_decimal": 59315
    },
    {
      "icon_id": "4765973",
      "name": "plus-square",
      "font_class": "plus-square",
      "unicode": "e7b4",
      "unicode_decimal": 59316
    },
    {
      "icon_id": "4765974",
      "name": "right-square",
      "font_class": "right-square",
      "unicode": "e7b5",
      "unicode_decimal": 59317
    },
    {
      "icon_id": "4765975",
      "name": "project",
      "font_class": "project",
      "unicode": "e7b6",
      "unicode_decimal": 59318
    },
    {
      "icon_id": "4765976",
      "name": "wallet",
      "font_class": "wallet",
      "unicode": "e7b7",
      "unicode_decimal": 59319
    },
    {
      "icon_id": "4765977",
      "name": "up-square",
      "font_class": "up-square",
      "unicode": "e7b8",
      "unicode_decimal": 59320
    },
    {
      "icon_id": "4765978",
      "name": "calculator",
      "font_class": "calculator",
      "unicode": "e7b9",
      "unicode_decimal": 59321
    },
    {
      "icon_id": "4766245",
      "name": "interation",
      "font_class": "interation",
      "unicode": "e7ba",
      "unicode_decimal": 59322
    },
    {
      "icon_id": "4766253",
      "name": "check-square",
      "font_class": "check-square",
      "unicode": "e7bb",
      "unicode_decimal": 59323
    },
    {
      "icon_id": "4766265",
      "name": "border",
      "font_class": "border",
      "unicode": "e7bc",
      "unicode_decimal": 59324
    },
    {
      "icon_id": "4766266",
      "name": "border-outer",
      "font_class": "border-outer",
      "unicode": "e7bd",
      "unicode_decimal": 59325
    },
    {
      "icon_id": "4766268",
      "name": "border-top",
      "font_class": "border-top",
      "unicode": "e7be",
      "unicode_decimal": 59326
    },
    {
      "icon_id": "4766269",
      "name": "border-bottom",
      "font_class": "border-bottom",
      "unicode": "e7bf",
      "unicode_decimal": 59327
    },
    {
      "icon_id": "4766270",
      "name": "border-left",
      "font_class": "border-left",
      "unicode": "e7c0",
      "unicode_decimal": 59328
    },
    {
      "icon_id": "4766271",
      "name": "border-right",
      "font_class": "border-right",
      "unicode": "e7c1",
      "unicode_decimal": 59329
    },
    {
      "icon_id": "4766276",
      "name": "border-inner",
      "font_class": "border-inner",
      "unicode": "e7c2",
      "unicode_decimal": 59330
    },
    {
      "icon_id": "4766277",
      "name": "border-verticle",
      "font_class": "border-verticle",
      "unicode": "e7c3",
      "unicode_decimal": 59331
    },
    {
      "icon_id": "4766278",
      "name": "border-horizontal",
      "font_class": "border-horizontal",
      "unicode": "e7c4",
      "unicode_decimal": 59332
    },
    {
      "icon_id": "4766282",
      "name": "radius-bottomleft",
      "font_class": "radius-bottomleft",
      "unicode": "e7c5",
      "unicode_decimal": 59333
    },
    {
      "icon_id": "4766283",
      "name": "radius-bottomright",
      "font_class": "radius-bottomright",
      "unicode": "e7c6",
      "unicode_decimal": 59334
    },
    {
      "icon_id": "4766284",
      "name": "radius-upleft",
      "font_class": "radius-upleft",
      "unicode": "e7c7",
      "unicode_decimal": 59335
    },
    {
      "icon_id": "4766285",
      "name": "radius-upright",
      "font_class": "radius-upright",
      "unicode": "e7c8",
      "unicode_decimal": 59336
    },
    {
      "icon_id": "4766286",
      "name": "radius-setting",
      "font_class": "radius-setting",
      "unicode": "e7c9",
      "unicode_decimal": 59337
    },
    {
      "icon_id": "4766289",
      "name": "add user",
      "font_class": "adduser",
      "unicode": "e7ca",
      "unicode_decimal": 59338
    },
    {
      "icon_id": "4766290",
      "name": "delete team",
      "font_class": "deleteteam",
      "unicode": "e7cb",
      "unicode_decimal": 59339
    },
    {
      "icon_id": "4766291",
      "name": "delete user",
      "font_class": "deleteuser",
      "unicode": "e7cc",
      "unicode_decimal": 59340
    },
    {
      "icon_id": "4766292",
      "name": "addteam",
      "font_class": "addteam",
      "unicode": "e7cd",
      "unicode_decimal": 59341
    },
    {
      "icon_id": "4766293",
      "name": "user",
      "font_class": "user",
      "unicode": "e7ce",
      "unicode_decimal": 59342
    },
    {
      "icon_id": "4766294",
      "name": "team",
      "font_class": "team",
      "unicode": "e7cf",
      "unicode_decimal": 59343
    },
    {
      "icon_id": "4766297",
      "name": "area chart",
      "font_class": "areachart",
      "unicode": "e7d0",
      "unicode_decimal": 59344
    },
    {
      "icon_id": "4766298",
      "name": "line chart",
      "font_class": "linechart",
      "unicode": "e7d1",
      "unicode_decimal": 59345
    },
    {
      "icon_id": "4766299",
      "name": "bar chart",
      "font_class": "barchart",
      "unicode": "e7d2",
      "unicode_decimal": 59346
    },
    {
      "icon_id": "4766300",
      "name": "point map",
      "font_class": "pointmap",
      "unicode": "e7d3",
      "unicode_decimal": 59347
    },
    {
      "icon_id": "4766438",
      "name": "container",
      "font_class": "container",
      "unicode": "e7d4",
      "unicode_decimal": 59348
    },
    {
      "icon_id": "4766439",
      "name": "database",
      "font_class": "database",
      "unicode": "e7d5",
      "unicode_decimal": 59349
    },
    {
      "icon_id": "4766440",
      "name": "sever",
      "font_class": "sever",
      "unicode": "e7d6",
      "unicode_decimal": 59350
    },
    {
      "icon_id": "4766451",
      "name": "mobile",
      "font_class": "mobile",
      "unicode": "e7d7",
      "unicode_decimal": 59351
    },
    {
      "icon_id": "4766452",
      "name": "tablet",
      "font_class": "tablet",
      "unicode": "e7d8",
      "unicode_decimal": 59352
    },
    {
      "icon_id": "4766453",
      "name": "red envelope",
      "font_class": "redenvelope",
      "unicode": "e7d9",
      "unicode_decimal": 59353
    },
    {
      "icon_id": "4766454",
      "name": "book",
      "font_class": "book",
      "unicode": "e7da",
      "unicode_decimal": 59354
    },
    {
      "icon_id": "4766459",
      "name": "file done",
      "font_class": "filedone",
      "unicode": "e7db",
      "unicode_decimal": 59355
    },
    {
      "icon_id": "4766460",
      "name": "reconciliation",
      "font_class": "reconciliation",
      "unicode": "e7dc",
      "unicode_decimal": 59356
    },
    {
      "icon_id": "4766461",
      "name": "file -exception",
      "font_class": "file-exception",
      "unicode": "e7dd",
      "unicode_decimal": 59357
    },
    {
      "icon_id": "4766462",
      "name": "file sync",
      "font_class": "filesync",
      "unicode": "e7de",
      "unicode_decimal": 59358
    },
    {
      "icon_id": "4766463",
      "name": "file search",
      "font_class": "filesearch",
      "unicode": "e7df",
      "unicode_decimal": 59359
    },
    {
      "icon_id": "4766464",
      "name": "solution",
      "font_class": "solution",
      "unicode": "e7e0",
      "unicode_decimal": 59360
    },
    {
      "icon_id": "4766465",
      "name": "file protect",
      "font_class": "fileprotect",
      "unicode": "e7e1",
      "unicode_decimal": 59361
    },
    {
      "icon_id": "4766468",
      "name": "file-add",
      "font_class": "file-add",
      "unicode": "e7e2",
      "unicode_decimal": 59362
    },
    {
      "icon_id": "4766469",
      "name": "file-excel",
      "font_class": "file-excel",
      "unicode": "e7e3",
      "unicode_decimal": 59363
    },
    {
      "icon_id": "4766470",
      "name": "file-exclamation",
      "font_class": "file-exclamation",
      "unicode": "e7e4",
      "unicode_decimal": 59364
    },
    {
      "icon_id": "4766472",
      "name": "file-pdf",
      "font_class": "file-pdf",
      "unicode": "e7e5",
      "unicode_decimal": 59365
    },
    {
      "icon_id": "4766473",
      "name": "file-image",
      "font_class": "file-image",
      "unicode": "e7e6",
      "unicode_decimal": 59366
    },
    {
      "icon_id": "4766474",
      "name": "file-markdown",
      "font_class": "file-markdown",
      "unicode": "e7e7",
      "unicode_decimal": 59367
    },
    {
      "icon_id": "4766475",
      "name": "file-unknown",
      "font_class": "file-unknown",
      "unicode": "e7e8",
      "unicode_decimal": 59368
    },
    {
      "icon_id": "4766476",
      "name": "file-ppt",
      "font_class": "file-ppt",
      "unicode": "e7e9",
      "unicode_decimal": 59369
    },
    {
      "icon_id": "4766477",
      "name": "file-word",
      "font_class": "file-word",
      "unicode": "e7ea",
      "unicode_decimal": 59370
    },
    {
      "icon_id": "4766478",
      "name": "file",
      "font_class": "file",
      "unicode": "e7eb",
      "unicode_decimal": 59371
    },
    {
      "icon_id": "4766479",
      "name": "file-zip",
      "font_class": "file-zip",
      "unicode": "e7ec",
      "unicode_decimal": 59372
    },
    {
      "icon_id": "4766480",
      "name": "file-text",
      "font_class": "file-text",
      "unicode": "e7ed",
      "unicode_decimal": 59373
    },
    {
      "icon_id": "4766481",
      "name": "file-copy",
      "font_class": "file-copy",
      "unicode": "e7ee",
      "unicode_decimal": 59374
    },
    {
      "icon_id": "4766482",
      "name": "snippets",
      "font_class": "snippets",
      "unicode": "e7ef",
      "unicode_decimal": 59375
    },
    {
      "icon_id": "4766507",
      "name": "audit",
      "font_class": "audit",
      "unicode": "e7f0",
      "unicode_decimal": 59376
    },
    {
      "icon_id": "4766508",
      "name": "diff",
      "font_class": "diff",
      "unicode": "e7f1",
      "unicode_decimal": 59377
    },
    {
      "icon_id": "4766509",
      "name": "Batch folding",
      "font_class": "Batchfolding",
      "unicode": "e7f2",
      "unicode_decimal": 59378
    },
    {
      "icon_id": "4766511",
      "name": "security scan",
      "font_class": "securityscan",
      "unicode": "e7f3",
      "unicode_decimal": 59379
    },
    {
      "icon_id": "4766512",
      "name": "property safety",
      "font_class": "propertysafety",
      "unicode": "e7f4",
      "unicode_decimal": 59380
    },
    {
      "icon_id": "4766513",
      "name": "safety certificate",
      "font_class": "safetycertificate",
      "unicode": "e7f5",
      "unicode_decimal": 59381
    },
    {
      "icon_id": "4766514",
      "name": "insurance ",
      "font_class": "insurance",
      "unicode": "e7f6",
      "unicode_decimal": 59382
    },
    {
      "icon_id": "4766675",
      "name": "alert",
      "font_class": "alert",
      "unicode": "e7f7",
      "unicode_decimal": 59383
    },
    {
      "icon_id": "4766676",
      "name": "delete",
      "font_class": "delete",
      "unicode": "e7f8",
      "unicode_decimal": 59384
    },
    {
      "icon_id": "4766677",
      "name": "hourglass",
      "font_class": "hourglass",
      "unicode": "e7f9",
      "unicode_decimal": 59385
    },
    {
      "icon_id": "4766678",
      "name": "bulb",
      "font_class": "bulb",
      "unicode": "e7fa",
      "unicode_decimal": 59386
    },
    {
      "icon_id": "4766679",
      "name": "experiment",
      "font_class": "experiment",
      "unicode": "e7fb",
      "unicode_decimal": 59387
    },
    {
      "icon_id": "4766680",
      "name": "bell",
      "font_class": "bell",
      "unicode": "e7fc",
      "unicode_decimal": 59388
    },
    {
      "icon_id": "4766681",
      "name": "trophy",
      "font_class": "trophy",
      "unicode": "e7fd",
      "unicode_decimal": 59389
    },
    {
      "icon_id": "4766682",
      "name": "rest",
      "font_class": "rest",
      "unicode": "e7fe",
      "unicode_decimal": 59390
    },
    {
      "icon_id": "4766683",
      "name": "USB",
      "font_class": "USB",
      "unicode": "e7ff",
      "unicode_decimal": 59391
    },
    {
      "icon_id": "4766684",
      "name": "skin",
      "font_class": "skin",
      "unicode": "e800",
      "unicode_decimal": 59392
    },
    {
      "icon_id": "4766685",
      "name": "home",
      "font_class": "home",
      "unicode": "e801",
      "unicode_decimal": 59393
    },
    {
      "icon_id": "4766686",
      "name": "bank",
      "font_class": "bank",
      "unicode": "e802",
      "unicode_decimal": 59394
    },
    {
      "icon_id": "4766688",
      "name": "filter",
      "font_class": "filter",
      "unicode": "e803",
      "unicode_decimal": 59395
    },
    {
      "icon_id": "4766689",
      "name": "funnel plot",
      "font_class": "funnelplot",
      "unicode": "e804",
      "unicode_decimal": 59396
    },
    {
      "icon_id": "4766692",
      "name": "like",
      "font_class": "like",
      "unicode": "e805",
      "unicode_decimal": 59397
    },
    {
      "icon_id": "4766693",
      "name": "unlike",
      "font_class": "unlike",
      "unicode": "e806",
      "unicode_decimal": 59398
    },
    {
      "icon_id": "4766694",
      "name": "unlock",
      "font_class": "unlock",
      "unicode": "e807",
      "unicode_decimal": 59399
    },
    {
      "icon_id": "4766695",
      "name": "lock",
      "font_class": "lock",
      "unicode": "e808",
      "unicode_decimal": 59400
    },
    {
      "icon_id": "4766762",
      "name": "customerservice",
      "font_class": "customerservice",
      "unicode": "e809",
      "unicode_decimal": 59401
    },
    {
      "icon_id": "4766767",
      "name": "flag",
      "font_class": "flag",
      "unicode": "e80a",
      "unicode_decimal": 59402
    },
    {
      "icon_id": "4766773",
      "name": "money collect",
      "font_class": "moneycollect",
      "unicode": "e80b",
      "unicode_decimal": 59403
    },
    {
      "icon_id": "4766774",
      "name": "medicinebox",
      "font_class": "medicinebox",
      "unicode": "e80c",
      "unicode_decimal": 59404
    },
    {
      "icon_id": "4766775",
      "name": "shop",
      "font_class": "shop",
      "unicode": "e80d",
      "unicode_decimal": 59405
    },
    {
      "icon_id": "4766778",
      "name": "rocket",
      "font_class": "rocket",
      "unicode": "e80e",
      "unicode_decimal": 59406
    },
    {
      "icon_id": "4766779",
      "name": "shopping",
      "font_class": "shopping",
      "unicode": "e80f",
      "unicode_decimal": 59407
    },
    {
      "icon_id": "4766846",
      "name": "folder",
      "font_class": "folder",
      "unicode": "e810",
      "unicode_decimal": 59408
    },
    {
      "icon_id": "4766847",
      "name": "folder-open",
      "font_class": "folder-open",
      "unicode": "e811",
      "unicode_decimal": 59409
    },
    {
      "icon_id": "4766848",
      "name": "folder-add",
      "font_class": "folder-add",
      "unicode": "e812",
      "unicode_decimal": 59410
    },
    {
      "icon_id": "4766849",
      "name": "deployment unit",
      "font_class": "deploymentunit",
      "unicode": "e813",
      "unicode_decimal": 59411
    },
    {
      "icon_id": "4766854",
      "name": "account book",
      "font_class": "accountbook",
      "unicode": "e814",
      "unicode_decimal": 59412
    },
    {
      "icon_id": "4766855",
      "name": "contacts",
      "font_class": "contacts",
      "unicode": "e815",
      "unicode_decimal": 59413
    },
    {
      "icon_id": "4766856",
      "name": "carry out",
      "font_class": "carryout",
      "unicode": "e816",
      "unicode_decimal": 59414
    },
    {
      "icon_id": "4766857",
      "name": "calendar-check",
      "font_class": "calendar-check",
      "unicode": "e817",
      "unicode_decimal": 59415
    },
    {
      "icon_id": "4766858",
      "name": "calendar",
      "font_class": "calendar",
      "unicode": "e818",
      "unicode_decimal": 59416
    },
    {
      "icon_id": "4766861",
      "name": "scan",
      "font_class": "scan",
      "unicode": "e819",
      "unicode_decimal": 59417
    },
    {
      "icon_id": "4766862",
      "name": "select",
      "font_class": "select",
      "unicode": "e81a",
      "unicode_decimal": 59418
    },
    {
      "icon_id": "4766871",
      "name": "box plot",
      "font_class": "boxplot",
      "unicode": "e81b",
      "unicode_decimal": 59419
    },
    {
      "icon_id": "4766872",
      "name": "build",
      "font_class": "build",
      "unicode": "e81c",
      "unicode_decimal": 59420
    },
    {
      "icon_id": "4766874",
      "name": "sliders",
      "font_class": "sliders",
      "unicode": "e81d",
      "unicode_decimal": 59421
    },
    {
      "icon_id": "4766881",
      "name": "laptop",
      "font_class": "laptop",
      "unicode": "e81e",
      "unicode_decimal": 59422
    },
    {
      "icon_id": "4766882",
      "name": "barcode",
      "font_class": "barcode",
      "unicode": "e81f",
      "unicode_decimal": 59423
    },
    {
      "icon_id": "4766883",
      "name": "camera",
      "font_class": "camera",
      "unicode": "e820",
      "unicode_decimal": 59424
    },
    {
      "icon_id": "4766884",
      "name": "cluster",
      "font_class": "cluster",
      "unicode": "e821",
      "unicode_decimal": 59425
    },
    {
      "icon_id": "4766885",
      "name": "gateway",
      "font_class": "gateway",
      "unicode": "e822",
      "unicode_decimal": 59426
    },
    {
      "icon_id": "4766886",
      "name": "car",
      "font_class": "car",
      "unicode": "e823",
      "unicode_decimal": 59427
    },
    {
      "icon_id": "4766887",
      "name": "printer",
      "font_class": "printer",
      "unicode": "e824",
      "unicode_decimal": 59428
    },
    {
      "icon_id": "4766888",
      "name": "read",
      "font_class": "read",
      "unicode": "e825",
      "unicode_decimal": 59429
    },
    {
      "icon_id": "4766900",
      "name": "cloud-server",
      "font_class": "cloud-server",
      "unicode": "e826",
      "unicode_decimal": 59430
    },
    {
      "icon_id": "4766901",
      "name": "cloud-upload",
      "font_class": "cloud-upload",
      "unicode": "e827",
      "unicode_decimal": 59431
    },
    {
      "icon_id": "4766902",
      "name": "cloud",
      "font_class": "cloud",
      "unicode": "e828",
      "unicode_decimal": 59432
    },
    {
      "icon_id": "4766903",
      "name": "cloud-download",
      "font_class": "cloud-download",
      "unicode": "e829",
      "unicode_decimal": 59433
    },
    {
      "icon_id": "4766904",
      "name": "cloud-sync",
      "font_class": "cloud-sync",
      "unicode": "e82a",
      "unicode_decimal": 59434
    },
    {
      "icon_id": "4766905",
      "name": "video",
      "font_class": "video",
      "unicode": "e82b",
      "unicode_decimal": 59435
    },
    {
      "icon_id": "4766906",
      "name": "notification",
      "font_class": "notification",
      "unicode": "e82c",
      "unicode_decimal": 59436
    },
    {
      "icon_id": "4766907",
      "name": "sound",
      "font_class": "sound",
      "unicode": "e82d",
      "unicode_decimal": 59437
    },
    {
      "icon_id": "4766911",
      "name": "radar chart",
      "font_class": "radarchart",
      "unicode": "e82e",
      "unicode_decimal": 59438
    },
    {
      "icon_id": "4766912",
      "name": "qrcode",
      "font_class": "qrcode",
      "unicode": "e82f",
      "unicode_decimal": 59439
    },
    {
      "icon_id": "4766916",
      "name": "fund",
      "font_class": "fund",
      "unicode": "e830",
      "unicode_decimal": 59440
    },
    {
      "icon_id": "4766917",
      "name": "image",
      "font_class": "image",
      "unicode": "e831",
      "unicode_decimal": 59441
    },
    {
      "icon_id": "4766918",
      "name": "mail",
      "font_class": "mail",
      "unicode": "e832",
      "unicode_decimal": 59442
    },
    {
      "icon_id": "4766919",
      "name": "table",
      "font_class": "table",
      "unicode": "e833",
      "unicode_decimal": 59443
    },
    {
      "icon_id": "4766920",
      "name": "id card",
      "font_class": "idcard",
      "unicode": "e834",
      "unicode_decimal": 59444
    },
    {
      "icon_id": "4766921",
      "name": "credit card",
      "font_class": "creditcard",
      "unicode": "e835",
      "unicode_decimal": 59445
    },
    {
      "icon_id": "4766951",
      "name": "heart",
      "font_class": "heart",
      "unicode": "e836",
      "unicode_decimal": 59446
    },
    {
      "icon_id": "4766952",
      "name": "block",
      "font_class": "block",
      "unicode": "e837",
      "unicode_decimal": 59447
    },
    {
      "icon_id": "4766953",
      "name": "error",
      "font_class": "error",
      "unicode": "e838",
      "unicode_decimal": 59448
    },
    {
      "icon_id": "4766954",
      "name": "star",
      "font_class": "star",
      "unicode": "e839",
      "unicode_decimal": 59449
    },
    {
      "icon_id": "4766955",
      "name": "gold",
      "font_class": "gold",
      "unicode": "e83a",
      "unicode_decimal": 59450
    },
    {
      "icon_id": "4766956",
      "name": "heat map",
      "font_class": "heatmap",
      "unicode": "e83b",
      "unicode_decimal": 59451
    },
    {
      "icon_id": "4766957",
      "name": "wifi",
      "font_class": "wifi",
      "unicode": "e83c",
      "unicode_decimal": 59452
    },
    {
      "icon_id": "4766958",
      "name": "attachment",
      "font_class": "attachment",
      "unicode": "e83d",
      "unicode_decimal": 59453
    },
    {
      "icon_id": "4766959",
      "name": "edit",
      "font_class": "edit",
      "unicode": "e83e",
      "unicode_decimal": 59454
    },
    {
      "icon_id": "4766960",
      "name": "key",
      "font_class": "key",
      "unicode": "e83f",
      "unicode_decimal": 59455
    },
    {
      "icon_id": "4766961",
      "name": "api",
      "font_class": "api",
      "unicode": "e840",
      "unicode_decimal": 59456
    },
    {
      "icon_id": "4766962",
      "name": "disconnect",
      "font_class": "disconnect",
      "unicode": "e841",
      "unicode_decimal": 59457
    },
    {
      "icon_id": "4766963",
      "name": "highlight",
      "font_class": "highlight",
      "unicode": "e842",
      "unicode_decimal": 59458
    },
    {
      "icon_id": "4766964",
      "name": "monitor",
      "font_class": "monitor",
      "unicode": "e843",
      "unicode_decimal": 59459
    },
    {
      "icon_id": "4766965",
      "name": "link",
      "font_class": "link",
      "unicode": "e844",
      "unicode_decimal": 59460
    },
    {
      "icon_id": "4766966",
      "name": "man",
      "font_class": "man",
      "unicode": "e845",
      "unicode_decimal": 59461
    },
    {
      "icon_id": "4766967",
      "name": "percentage",
      "font_class": "percentage",
      "unicode": "e846",
      "unicode_decimal": 59462
    },
    {
      "icon_id": "4766969",
      "name": "pushpin",
      "font_class": "pushpin",
      "unicode": "e847",
      "unicode_decimal": 59463
    },
    {
      "icon_id": "4766970",
      "name": "phone",
      "font_class": "phone",
      "unicode": "e848",
      "unicode_decimal": 59464
    },
    {
      "icon_id": "4766971",
      "name": "shake",
      "font_class": "shake",
      "unicode": "e849",
      "unicode_decimal": 59465
    },
    {
      "icon_id": "4766972",
      "name": "tag",
      "font_class": "tag",
      "unicode": "e84a",
      "unicode_decimal": 59466
    },
    {
      "icon_id": "4766973",
      "name": "wrench",
      "font_class": "wrench",
      "unicode": "e84b",
      "unicode_decimal": 59467
    },
    {
      "icon_id": "4766975",
      "name": "tags",
      "font_class": "tags",
      "unicode": "e84c",
      "unicode_decimal": 59468
    },
    {
      "icon_id": "4766982",
      "name": "scissor",
      "font_class": "scissor",
      "unicode": "e84d",
      "unicode_decimal": 59469
    },
    {
      "icon_id": "4766984",
      "name": "mr",
      "font_class": "mr",
      "unicode": "e84e",
      "unicode_decimal": 59470
    },
    {
      "icon_id": "4766985",
      "name": "share",
      "font_class": "share",
      "unicode": "e84f",
      "unicode_decimal": 59471
    },
    {
      "icon_id": "4766986",
      "name": "branches",
      "font_class": "branches",
      "unicode": "e850",
      "unicode_decimal": 59472
    },
    {
      "icon_id": "4766995",
      "name": "fork",
      "font_class": "fork",
      "unicode": "e851",
      "unicode_decimal": 59473
    },
    {
      "icon_id": "4767006",
      "name": "shrink",
      "font_class": "shrink",
      "unicode": "e852",
      "unicode_decimal": 59474
    },
    {
      "icon_id": "4767007",
      "name": "arrawsalt",
      "font_class": "arrawsalt",
      "unicode": "e853",
      "unicode_decimal": 59475
    },
    {
      "icon_id": "4767009",
      "name": "vertical right",
      "font_class": "verticalright",
      "unicode": "e854",
      "unicode_decimal": 59476
    },
    {
      "icon_id": "4767010",
      "name": "vertical left",
      "font_class": "verticalleft",
      "unicode": "e855",
      "unicode_decimal": 59477
    },
    {
      "icon_id": "4767011",
      "name": "right",
      "font_class": "right",
      "unicode": "e856",
      "unicode_decimal": 59478
    },
    {
      "icon_id": "4767012",
      "name": "left",
      "font_class": "left",
      "unicode": "e857",
      "unicode_decimal": 59479
    },
    {
      "icon_id": "4767013",
      "name": "up",
      "font_class": "up",
      "unicode": "e858",
      "unicode_decimal": 59480
    },
    {
      "icon_id": "4767014",
      "name": "down",
      "font_class": "down",
      "unicode": "e859",
      "unicode_decimal": 59481
    },
    {
      "icon_id": "4767015",
      "name": "fullscreen",
      "font_class": "fullscreen",
      "unicode": "e85a",
      "unicode_decimal": 59482
    },
    {
      "icon_id": "4767016",
      "name": "fullscreen-exit",
      "font_class": "fullscreen-exit",
      "unicode": "e85b",
      "unicode_decimal": 59483
    },
    {
      "icon_id": "4767018",
      "name": "doubleleft",
      "font_class": "doubleleft",
      "unicode": "e85c",
      "unicode_decimal": 59484
    },
    {
      "icon_id": "4767019",
      "name": "double right",
      "font_class": "doubleright",
      "unicode": "e85d",
      "unicode_decimal": 59485
    },
    {
      "icon_id": "4767020",
      "name": "arrowright",
      "font_class": "arrowright",
      "unicode": "e85e",
      "unicode_decimal": 59486
    },
    {
      "icon_id": "4767021",
      "name": "arrowup",
      "font_class": "arrowup",
      "unicode": "e85f",
      "unicode_decimal": 59487
    },
    {
      "icon_id": "4767022",
      "name": "arrowleft",
      "font_class": "arrowleft",
      "unicode": "e860",
      "unicode_decimal": 59488
    },
    {
      "icon_id": "4767023",
      "name": "arrowdown",
      "font_class": "arrowdown",
      "unicode": "e861",
      "unicode_decimal": 59489
    },
    {
      "icon_id": "4767025",
      "name": "upload",
      "font_class": "upload",
      "unicode": "e862",
      "unicode_decimal": 59490
    },
    {
      "icon_id": "4767026",
      "name": "colum-height",
      "font_class": "colum-height",
      "unicode": "e863",
      "unicode_decimal": 59491
    },
    {
      "icon_id": "4767027",
      "name": "vertical-align-botto",
      "font_class": "vertical-align-botto",
      "unicode": "e864",
      "unicode_decimal": 59492
    },
    {
      "icon_id": "4767028",
      "name": "vertical-align-middl",
      "font_class": "vertical-align-middl",
      "unicode": "e865",
      "unicode_decimal": 59493
    },
    {
      "icon_id": "4767029",
      "name": "totop",
      "font_class": "totop",
      "unicode": "e866",
      "unicode_decimal": 59494
    },
    {
      "icon_id": "4767030",
      "name": "vertical-align-top",
      "font_class": "vertical-align-top",
      "unicode": "e867",
      "unicode_decimal": 59495
    },
    {
      "icon_id": "4767031",
      "name": "download",
      "font_class": "download",
      "unicode": "e868",
      "unicode_decimal": 59496
    },
    {
      "icon_id": "4767038",
      "name": "sort-descending",
      "font_class": "sort-descending",
      "unicode": "e869",
      "unicode_decimal": 59497
    },
    {
      "icon_id": "4767039",
      "name": "sort-ascending",
      "font_class": "sort-ascending",
      "unicode": "e86a",
      "unicode_decimal": 59498
    },
    {
      "icon_id": "4767043",
      "name": "fall",
      "font_class": "fall",
      "unicode": "e86b",
      "unicode_decimal": 59499
    },
    {
      "icon_id": "4767044",
      "name": "swap",
      "font_class": "swap",
      "unicode": "e86c",
      "unicode_decimal": 59500
    },
    {
      "icon_id": "4767045",
      "name": "stock",
      "font_class": "stock",
      "unicode": "e86d",
      "unicode_decimal": 59501
    },
    {
      "icon_id": "4767046",
      "name": "rise",
      "font_class": "rise",
      "unicode": "e86e",
      "unicode_decimal": 59502
    },
    {
      "icon_id": "4767050",
      "name": "indent",
      "font_class": "indent",
      "unicode": "e86f",
      "unicode_decimal": 59503
    },
    {
      "icon_id": "4767051",
      "name": "outdent",
      "font_class": "outdent",
      "unicode": "e870",
      "unicode_decimal": 59504
    },
    {
      "icon_id": "4767059",
      "name": "menu",
      "font_class": "menu",
      "unicode": "e871",
      "unicode_decimal": 59505
    },
    {
      "icon_id": "4767060",
      "name": "unordered list",
      "font_class": "unorderedlist",
      "unicode": "e872",
      "unicode_decimal": 59506
    },
    {
      "icon_id": "4767061",
      "name": "ordered list",
      "font_class": "orderedlist",
      "unicode": "e873",
      "unicode_decimal": 59507
    },
    {
      "icon_id": "4767062",
      "name": "align-right",
      "font_class": "align-right",
      "unicode": "e874",
      "unicode_decimal": 59508
    },
    {
      "icon_id": "4767063",
      "name": "align-center",
      "font_class": "align-center",
      "unicode": "e875",
      "unicode_decimal": 59509
    },
    {
      "icon_id": "4767064",
      "name": "align-left",
      "font_class": "align-left",
      "unicode": "e876",
      "unicode_decimal": 59510
    },
    {
      "icon_id": "4767072",
      "name": "pic-center",
      "font_class": "pic-center",
      "unicode": "e877",
      "unicode_decimal": 59511
    },
    {
      "icon_id": "4767073",
      "name": "pic-right",
      "font_class": "pic-right",
      "unicode": "e878",
      "unicode_decimal": 59512
    },
    {
      "icon_id": "4767074",
      "name": "pic-left",
      "font_class": "pic-left",
      "unicode": "e879",
      "unicode_decimal": 59513
    },
    {
      "icon_id": "4767078",
      "name": "bold",
      "font_class": "bold",
      "unicode": "e87a",
      "unicode_decimal": 59514
    },
    {
      "icon_id": "4767079",
      "name": "font-colors",
      "font_class": "font-colors",
      "unicode": "e87b",
      "unicode_decimal": 59515
    },
    {
      "icon_id": "4767080",
      "name": "exclaimination",
      "font_class": "exclaimination",
      "unicode": "e87c",
      "unicode_decimal": 59516
    },
    {
      "icon_id": "4767081",
      "name": "font-size",
      "font_class": "font-size",
      "unicode": "e87d",
      "unicode_decimal": 59517
    },
    {
      "icon_id": "4767082",
      "name": "infomation",
      "font_class": "infomation",
      "unicode": "e87e",
      "unicode_decimal": 59518
    },
    {
      "icon_id": "4767083",
      "name": "line-height",
      "font_class": "line-height",
      "unicode": "e87f",
      "unicode_decimal": 59519
    },
    {
      "icon_id": "4767084",
      "name": "strikethrough",
      "font_class": "strikethrough",
      "unicode": "e880",
      "unicode_decimal": 59520
    },
    {
      "icon_id": "4767085",
      "name": "underline",
      "font_class": "underline",
      "unicode": "e881",
      "unicode_decimal": 59521
    },
    {
      "icon_id": "4767086",
      "name": "number",
      "font_class": "number",
      "unicode": "e882",
      "unicode_decimal": 59522
    },
    {
      "icon_id": "4767087",
      "name": "italic",
      "font_class": "italic",
      "unicode": "e883",
      "unicode_decimal": 59523
    },
    {
      "icon_id": "4767091",
      "name": "code",
      "font_class": "code",
      "unicode": "e884",
      "unicode_decimal": 59524
    },
    {
      "icon_id": "4767092",
      "name": "column-width",
      "font_class": "column-width",
      "unicode": "e885",
      "unicode_decimal": 59525
    },
    {
      "icon_id": "4767093",
      "name": "check",
      "font_class": "check",
      "unicode": "e886",
      "unicode_decimal": 59526
    },
    {
      "icon_id": "4767094",
      "name": "ellipsis",
      "font_class": "ellipsis",
      "unicode": "e887",
      "unicode_decimal": 59527
    },
    {
      "icon_id": "4767095",
      "name": "dash",
      "font_class": "dash",
      "unicode": "e888",
      "unicode_decimal": 59528
    },
    {
      "icon_id": "4767096",
      "name": "close",
      "font_class": "close",
      "unicode": "e889",
      "unicode_decimal": 59529
    },
    {
      "icon_id": "4767097",
      "name": "enter",
      "font_class": "enter",
      "unicode": "e88a",
      "unicode_decimal": 59530
    },
    {
      "icon_id": "4767098",
      "name": "line",
      "font_class": "line",
      "unicode": "e88b",
      "unicode_decimal": 59531
    },
    {
      "icon_id": "4767099",
      "name": "minus",
      "font_class": "minus",
      "unicode": "e88c",
      "unicode_decimal": 59532
    },
    {
      "icon_id": "4767100",
      "name": "question",
      "font_class": "question",
      "unicode": "e88d",
      "unicode_decimal": 59533
    },
    {
      "icon_id": "4767102",
      "name": "rollback",
      "font_class": "rollback",
      "unicode": "e88e",
      "unicode_decimal": 59534
    },
    {
      "icon_id": "4767103",
      "name": "small-dash",
      "font_class": "small-dash",
      "unicode": "e88f",
      "unicode_decimal": 59535
    },
    {
      "icon_id": "4767104",
      "name": "pause",
      "font_class": "pause",
      "unicode": "e890",
      "unicode_decimal": 59536
    },
    {
      "icon_id": "4767106",
      "name": "bg-colors",
      "font_class": "bg-colors",
      "unicode": "e891",
      "unicode_decimal": 59537
    },
    {
      "icon_id": "4936455",
      "name": "crown",
      "font_class": "crown",
      "unicode": "e892",
      "unicode_decimal": 59538
    },
    {
      "icon_id": "4936456",
      "name": "drag",
      "font_class": "drag",
      "unicode": "e893",
      "unicode_decimal": 59539
    },
    {
      "icon_id": "4936457",
      "name": "desktop",
      "font_class": "desktop",
      "unicode": "e894",
      "unicode_decimal": 59540
    },
    {
      "icon_id": "4936458",
      "name": "gift",
      "font_class": "gift",
      "unicode": "e895",
      "unicode_decimal": 59541
    },
    {
      "icon_id": "4936459",
      "name": "stop",
      "font_class": "stop",
      "unicode": "e896",
      "unicode_decimal": 59542
    },
    {
      "icon_id": "4936460",
      "name": "fire",
      "font_class": "fire",
      "unicode": "e897",
      "unicode_decimal": 59543
    },
    {
      "icon_id": "4936461",
      "name": "thunderbolt",
      "font_class": "thunderbolt",
      "unicode": "e898",
      "unicode_decimal": 59544
    },
    {
      "icon_id": "4936478",
      "name": "check-circle-fill",
      "font_class": "check-circle-fill",
      "unicode": "e899",
      "unicode_decimal": 59545
    },
    {
      "icon_id": "4936479",
      "name": "left-circle-fill",
      "font_class": "left-circle-fill",
      "unicode": "e89a",
      "unicode_decimal": 59546
    },
    {
      "icon_id": "4936480",
      "name": "down-circle-fill",
      "font_class": "down-circle-fill",
      "unicode": "e89b",
      "unicode_decimal": 59547
    },
    {
      "icon_id": "4936481",
      "name": "minus-circle-fill",
      "font_class": "minus-circle-fill",
      "unicode": "e89c",
      "unicode_decimal": 59548
    },
    {
      "icon_id": "4936482",
      "name": "close-circle-fill",
      "font_class": "close-circle-fill",
      "unicode": "e89d",
      "unicode_decimal": 59549
    },
    {
      "icon_id": "4936483",
      "name": "info-circle-fill",
      "font_class": "info-circle-fill",
      "unicode": "e89e",
      "unicode_decimal": 59550
    },
    {
      "icon_id": "4936484",
      "name": "up-circle-fill",
      "font_class": "up-circle-fill",
      "unicode": "e89f",
      "unicode_decimal": 59551
    },
    {
      "icon_id": "4936485",
      "name": "right-circle-fill",
      "font_class": "right-circle-fill",
      "unicode": "e8a0",
      "unicode_decimal": 59552
    },
    {
      "icon_id": "4936486",
      "name": "plus-circle-fill",
      "font_class": "plus-circle-fill",
      "unicode": "e8a1",
      "unicode_decimal": 59553
    },
    {
      "icon_id": "4936487",
      "name": "question-circle-fill",
      "font_class": "question-circle-fill",
      "unicode": "e8a2",
      "unicode_decimal": 59554
    },
    {
      "icon_id": "4936499",
      "name": "EURO-circle-fill",
      "font_class": "EURO-circle-fill",
      "unicode": "e8a3",
      "unicode_decimal": 59555
    },
    {
      "icon_id": "4936500",
      "name": "frown-fill",
      "font_class": "frown-fill",
      "unicode": "e8a4",
      "unicode_decimal": 59556
    },
    {
      "icon_id": "4936501",
      "name": "copyright-circle-fil",
      "font_class": "copyright-circle-fil",
      "unicode": "e8a5",
      "unicode_decimal": 59557
    },
    {
      "icon_id": "4936502",
      "name": "CI-circle-fill",
      "font_class": "CI-circle-fill",
      "unicode": "e8a6",
      "unicode_decimal": 59558
    },
    {
      "icon_id": "4936503",
      "name": "compass-fill",
      "font_class": "compass-fill",
      "unicode": "e8a7",
      "unicode_decimal": 59559
    },
    {
      "icon_id": "4936504",
      "name": "Dollar-circle-fill",
      "font_class": "Dollar-circle-fill",
      "unicode": "e8a8",
      "unicode_decimal": 59560
    },
    {
      "icon_id": "4936505",
      "name": "poweroff-circle-fill",
      "font_class": "poweroff-circle-fill",
      "unicode": "e8a9",
      "unicode_decimal": 59561
    },
    {
      "icon_id": "4936506",
      "name": "meh-fill",
      "font_class": "meh-fill",
      "unicode": "e8aa",
      "unicode_decimal": 59562
    },
    {
      "icon_id": "4936507",
      "name": "play-circle-fill",
      "font_class": "play-circle-fill",
      "unicode": "e8ab",
      "unicode_decimal": 59563
    },
    {
      "icon_id": "4936508",
      "name": "Pound-circle-fill",
      "font_class": "Pound-circle-fill",
      "unicode": "e8ac",
      "unicode_decimal": 59564
    },
    {
      "icon_id": "4936509",
      "name": "smile-fill",
      "font_class": "smile-fill",
      "unicode": "e8ad",
      "unicode_decimal": 59565
    },
    {
      "icon_id": "4936510",
      "name": "stop-fill",
      "font_class": "stop-fill",
      "unicode": "e8ae",
      "unicode_decimal": 59566
    },
    {
      "icon_id": "4936511",
      "name": "warning-circle-fill",
      "font_class": "warning-circle-fill",
      "unicode": "e8af",
      "unicode_decimal": 59567
    },
    {
      "icon_id": "4936512",
      "name": "time-circle-fill",
      "font_class": "time-circle-fill",
      "unicode": "e8b0",
      "unicode_decimal": 59568
    },
    {
      "icon_id": "4936513",
      "name": "trademark-circle-fil",
      "font_class": "trademark-circle-fil",
      "unicode": "e8b1",
      "unicode_decimal": 59569
    },
    {
      "icon_id": "4936514",
      "name": "YUAN-circle-fill",
      "font_class": "YUAN-circle-fill",
      "unicode": "e8b2",
      "unicode_decimal": 59570
    },
    {
      "icon_id": "4936519",
      "name": "heart-fill",
      "font_class": "heart-fill",
      "unicode": "e8b3",
      "unicode_decimal": 59571
    },
    {
      "icon_id": "4936520",
      "name": "pie chart-circle-fil",
      "font_class": "piechart-circle-fil",
      "unicode": "e8b4",
      "unicode_decimal": 59572
    },
    {
      "icon_id": "4936521",
      "name": "dashboard-fill",
      "font_class": "dashboard-fill",
      "unicode": "e8b5",
      "unicode_decimal": 59573
    },
    {
      "icon_id": "4936522",
      "name": "message-fill",
      "font_class": "message-fill",
      "unicode": "e8b6",
      "unicode_decimal": 59574
    },
    {
      "icon_id": "4936529",
      "name": "check-square-fill",
      "font_class": "check-square-fill",
      "unicode": "e8b7",
      "unicode_decimal": 59575
    },
    {
      "icon_id": "4936530",
      "name": "down-square-fill",
      "font_class": "down-square-fill",
      "unicode": "e8b8",
      "unicode_decimal": 59576
    },
    {
      "icon_id": "4936531",
      "name": "minus-square-fill",
      "font_class": "minus-square-fill",
      "unicode": "e8b9",
      "unicode_decimal": 59577
    },
    {
      "icon_id": "4936532",
      "name": "close-square-fill",
      "font_class": "close-square-fill",
      "unicode": "e8ba",
      "unicode_decimal": 59578
    },
    {
      "icon_id": "4936533",
      "name": "code library-fill",
      "font_class": "codelibrary-fill",
      "unicode": "e8bb",
      "unicode_decimal": 59579
    },
    {
      "icon_id": "4936534",
      "name": "left-square-fill",
      "font_class": "left-square-fill",
      "unicode": "e8bc",
      "unicode_decimal": 59580
    },
    {
      "icon_id": "4936535",
      "name": "play-square-fill",
      "font_class": "play-square-fill",
      "unicode": "e8bd",
      "unicode_decimal": 59581
    },
    {
      "icon_id": "4936536",
      "name": "up-square-fill",
      "font_class": "up-square-fill",
      "unicode": "e8be",
      "unicode_decimal": 59582
    },
    {
      "icon_id": "4936537",
      "name": "right-square-fill",
      "font_class": "right-square-fill",
      "unicode": "e8bf",
      "unicode_decimal": 59583
    },
    {
      "icon_id": "4936538",
      "name": "plus-square-fill",
      "font_class": "plus-square-fill",
      "unicode": "e8c0",
      "unicode_decimal": 59584
    },
    {
      "icon_id": "4936542",
      "name": "account book-fill",
      "font_class": "accountbook-fill",
      "unicode": "e8c1",
      "unicode_decimal": 59585
    },
    {
      "icon_id": "4936543",
      "name": "carry out-fill",
      "font_class": "carryout-fill",
      "unicode": "e8c2",
      "unicode_decimal": 59586
    },
    {
      "icon_id": "4936544",
      "name": "calendar-fill",
      "font_class": "calendar-fill",
      "unicode": "e8c3",
      "unicode_decimal": 59587
    },
    {
      "icon_id": "4936545",
      "name": "calculator-fill",
      "font_class": "calculator-fill",
      "unicode": "e8c4",
      "unicode_decimal": 59588
    },
    {
      "icon_id": "4936546",
      "name": "interation-fill",
      "font_class": "interation-fill",
      "unicode": "e8c5",
      "unicode_decimal": 59589
    },
    {
      "icon_id": "4936550",
      "name": "project-fill",
      "font_class": "project-fill",
      "unicode": "e8c6",
      "unicode_decimal": 59590
    },
    {
      "icon_id": "4936571",
      "name": "detail-fill",
      "font_class": "detail-fill",
      "unicode": "e8c7",
      "unicode_decimal": 59591
    },
    {
      "icon_id": "4936575",
      "name": "save-fill",
      "font_class": "save-fill",
      "unicode": "e8c8",
      "unicode_decimal": 59592
    },
    {
      "icon_id": "4936576",
      "name": "wallet-fill",
      "font_class": "wallet-fill",
      "unicode": "e8c9",
      "unicode_decimal": 59593
    },
    {
      "icon_id": "4936577",
      "name": "control-fill",
      "font_class": "control-fill",
      "unicode": "e8ca",
      "unicode_decimal": 59594
    },
    {
      "icon_id": "4936583",
      "name": "layout-fill",
      "font_class": "layout-fill",
      "unicode": "e8cb",
      "unicode_decimal": 59595
    },
    {
      "icon_id": "4936584",
      "name": "app store-fill",
      "font_class": "appstore-fill",
      "unicode": "e8cc",
      "unicode_decimal": 59596
    },
    {
      "icon_id": "4936585",
      "name": "mobile-fill",
      "font_class": "mobile-fill",
      "unicode": "e8cd",
      "unicode_decimal": 59597
    },
    {
      "icon_id": "4936586",
      "name": "tablet-fill",
      "font_class": "tablet-fill",
      "unicode": "e8ce",
      "unicode_decimal": 59598
    },
    {
      "icon_id": "4936587",
      "name": "book-fill",
      "font_class": "book-fill",
      "unicode": "e8cf",
      "unicode_decimal": 59599
    },
    {
      "icon_id": "4936588",
      "name": "red envelope-fill",
      "font_class": "redenvelope-fill",
      "unicode": "e8d0",
      "unicode_decimal": 59600
    },
    {
      "icon_id": "4936591",
      "name": "safety certificate-f",
      "font_class": "safetycertificate-f",
      "unicode": "e8d1",
      "unicode_decimal": 59601
    },
    {
      "icon_id": "4936592",
      "name": "property safety-fill",
      "font_class": "propertysafety-fill",
      "unicode": "e8d2",
      "unicode_decimal": 59602
    },
    {
      "icon_id": "4936598",
      "name": "insurance-fill",
      "font_class": "insurance-fill",
      "unicode": "e8d3",
      "unicode_decimal": 59603
    },
    {
      "icon_id": "4936599",
      "name": "security scan-fill",
      "font_class": "securityscan-fill",
      "unicode": "e8d4",
      "unicode_decimal": 59604
    },
    {
      "icon_id": "4936602",
      "name": "file-exclamation-fil",
      "font_class": "file-exclamation-fil",
      "unicode": "e8d5",
      "unicode_decimal": 59605
    },
    {
      "icon_id": "4936604",
      "name": "file-add-fill",
      "font_class": "file-add-fill",
      "unicode": "e8d6",
      "unicode_decimal": 59606
    },
    {
      "icon_id": "4936605",
      "name": "file-fill",
      "font_class": "file-fill",
      "unicode": "e8d7",
      "unicode_decimal": 59607
    },
    {
      "icon_id": "4936606",
      "name": "file-excel-fill",
      "font_class": "file-excel-fill",
      "unicode": "e8d8",
      "unicode_decimal": 59608
    },
    {
      "icon_id": "4936607",
      "name": "file-markdown-fill",
      "font_class": "file-markdown-fill",
      "unicode": "e8d9",
      "unicode_decimal": 59609
    },
    {
      "icon_id": "4936608",
      "name": "file-text-fill",
      "font_class": "file-text-fill",
      "unicode": "e8da",
      "unicode_decimal": 59610
    },
    {
      "icon_id": "4936609",
      "name": "file-ppt-fill",
      "font_class": "file-ppt-fill",
      "unicode": "e8db",
      "unicode_decimal": 59611
    },
    {
      "icon_id": "4936610",
      "name": "file-unknown-fill",
      "font_class": "file-unknown-fill",
      "unicode": "e8dc",
      "unicode_decimal": 59612
    },
    {
      "icon_id": "4936611",
      "name": "file-word-fill",
      "font_class": "file-word-fill",
      "unicode": "e8dd",
      "unicode_decimal": 59613
    },
    {
      "icon_id": "4936612",
      "name": "file-zip-fill",
      "font_class": "file-zip-fill",
      "unicode": "e8de",
      "unicode_decimal": 59614
    },
    {
      "icon_id": "4936613",
      "name": "file-pdf-fill",
      "font_class": "file-pdf-fill",
      "unicode": "e8df",
      "unicode_decimal": 59615
    },
    {
      "icon_id": "4936615",
      "name": "file-image-fill",
      "font_class": "file-image-fill",
      "unicode": "e8e0",
      "unicode_decimal": 59616
    },
    {
      "icon_id": "4936617",
      "name": "diff-fill",
      "font_class": "diff-fill",
      "unicode": "e8e1",
      "unicode_decimal": 59617
    },
    {
      "icon_id": "4936618",
      "name": "file-copy-fill",
      "font_class": "file-copy-fill",
      "unicode": "e8e2",
      "unicode_decimal": 59618
    },
    {
      "icon_id": "4936619",
      "name": "snippets-fill",
      "font_class": "snippets-fill",
      "unicode": "e8e3",
      "unicode_decimal": 59619
    },
    {
      "icon_id": "4936620",
      "name": "batch folding-fill",
      "font_class": "batchfolding-fill",
      "unicode": "e8e4",
      "unicode_decimal": 59620
    },
    {
      "icon_id": "4936621",
      "name": "reconciliation-fill",
      "font_class": "reconciliation-fill",
      "unicode": "e8e5",
      "unicode_decimal": 59621
    },
    {
      "icon_id": "4936622",
      "name": "folder-add-fill",
      "font_class": "folder-add-fill",
      "unicode": "e8e6",
      "unicode_decimal": 59622
    },
    {
      "icon_id": "4936623",
      "name": "folder-fill",
      "font_class": "folder-fill",
      "unicode": "e8e7",
      "unicode_decimal": 59623
    },
    {
      "icon_id": "4936624",
      "name": "folder-open-fill",
      "font_class": "folder-open-fill",
      "unicode": "e8e8",
      "unicode_decimal": 59624
    },
    {
      "icon_id": "4936626",
      "name": "database-fill",
      "font_class": "database-fill",
      "unicode": "e8e9",
      "unicode_decimal": 59625
    },
    {
      "icon_id": "4936627",
      "name": "container-fill",
      "font_class": "container-fill",
      "unicode": "e8ea",
      "unicode_decimal": 59626
    },
    {
      "icon_id": "4936628",
      "name": "sever-fill",
      "font_class": "sever-fill",
      "unicode": "e8eb",
      "unicode_decimal": 59627
    },
    {
      "icon_id": "4936629",
      "name": "calendar-check-fill",
      "font_class": "calendar-check-fill",
      "unicode": "e8ec",
      "unicode_decimal": 59628
    },
    {
      "icon_id": "4936630",
      "name": "image-fill",
      "font_class": "image-fill",
      "unicode": "e8ed",
      "unicode_decimal": 59629
    },
    {
      "icon_id": "4936631",
      "name": "id card-fill",
      "font_class": "idcard-fill",
      "unicode": "e8ee",
      "unicode_decimal": 59630
    },
    {
      "icon_id": "4936633",
      "name": "credit card-fill",
      "font_class": "creditcard-fill",
      "unicode": "e8ef",
      "unicode_decimal": 59631
    },
    {
      "icon_id": "4936634",
      "name": "fund-fill",
      "font_class": "fund-fill",
      "unicode": "e8f0",
      "unicode_decimal": 59632
    },
    {
      "icon_id": "4936635",
      "name": "read-fill",
      "font_class": "read-fill",
      "unicode": "e8f1",
      "unicode_decimal": 59633
    },
    {
      "icon_id": "4936636",
      "name": "contacts-fill",
      "font_class": "contacts-fill",
      "unicode": "e8f2",
      "unicode_decimal": 59634
    },
    {
      "icon_id": "4936637",
      "name": "delete-fill",
      "font_class": "delete-fill",
      "unicode": "e8f3",
      "unicode_decimal": 59635
    },
    {
      "icon_id": "4936638",
      "name": "notification-fill",
      "font_class": "notification-fill",
      "unicode": "e8f4",
      "unicode_decimal": 59636
    },
    {
      "icon_id": "4936639",
      "name": "flag-fill",
      "font_class": "flag-fill",
      "unicode": "e8f5",
      "unicode_decimal": 59637
    },
    {
      "icon_id": "4936640",
      "name": "money collect-fill",
      "font_class": "moneycollect-fill",
      "unicode": "e8f6",
      "unicode_decimal": 59638
    },
    {
      "icon_id": "4936641",
      "name": "medicine box-fill",
      "font_class": "medicinebox-fill",
      "unicode": "e8f7",
      "unicode_decimal": 59639
    },
    {
      "icon_id": "4936642",
      "name": "rest-fill",
      "font_class": "rest-fill",
      "unicode": "e8f8",
      "unicode_decimal": 59640
    },
    {
      "icon_id": "4936643",
      "name": "shopping-fill",
      "font_class": "shopping-fill",
      "unicode": "e8f9",
      "unicode_decimal": 59641
    },
    {
      "icon_id": "4936644",
      "name": "skin-fill",
      "font_class": "skin-fill",
      "unicode": "e8fa",
      "unicode_decimal": 59642
    },
    {
      "icon_id": "4936645",
      "name": "video-fill",
      "font_class": "video-fill",
      "unicode": "e8fb",
      "unicode_decimal": 59643
    },
    {
      "icon_id": "4936646",
      "name": "sound-fill",
      "font_class": "sound-fill",
      "unicode": "e8fc",
      "unicode_decimal": 59644
    },
    {
      "icon_id": "4936649",
      "name": "bulb-fill",
      "font_class": "bulb-fill",
      "unicode": "e8fd",
      "unicode_decimal": 59645
    },
    {
      "icon_id": "4936650",
      "name": "bell-fill",
      "font_class": "bell-fill",
      "unicode": "e8fe",
      "unicode_decimal": 59646
    },
    {
      "icon_id": "4936651",
      "name": "filter-fill",
      "font_class": "filter-fill",
      "unicode": "e8ff",
      "unicode_decimal": 59647
    },
    {
      "icon_id": "4936652",
      "name": "fire-fill",
      "font_class": "fire-fill",
      "unicode": "e900",
      "unicode_decimal": 59648
    },
    {
      "icon_id": "4936653",
      "name": "funnel plot-fill",
      "font_class": "funnelplot-fill",
      "unicode": "e901",
      "unicode_decimal": 59649
    },
    {
      "icon_id": "4936654",
      "name": "gift-fill",
      "font_class": "gift-fill",
      "unicode": "e902",
      "unicode_decimal": 59650
    },
    {
      "icon_id": "4936655",
      "name": "hourglass-fill",
      "font_class": "hourglass-fill",
      "unicode": "e903",
      "unicode_decimal": 59651
    },
    {
      "icon_id": "4936656",
      "name": "home-fill",
      "font_class": "home-fill",
      "unicode": "e904",
      "unicode_decimal": 59652
    },
    {
      "icon_id": "4936657",
      "name": "trophy-fill",
      "font_class": "trophy-fill",
      "unicode": "e905",
      "unicode_decimal": 59653
    },
    {
      "icon_id": "4936659",
      "name": "location-fill",
      "font_class": "location-fill",
      "unicode": "e906",
      "unicode_decimal": 59654
    },
    {
      "icon_id": "4936665",
      "name": "cloud-fill",
      "font_class": "cloud-fill",
      "unicode": "e907",
      "unicode_decimal": 59655
    },
    {
      "icon_id": "4936666",
      "name": "customerservice-fill",
      "font_class": "customerservice-fill",
      "unicode": "e908",
      "unicode_decimal": 59656
    },
    {
      "icon_id": "4936667",
      "name": "experiment-fill",
      "font_class": "experiment-fill",
      "unicode": "e909",
      "unicode_decimal": 59657
    },
    {
      "icon_id": "4936668",
      "name": "eye-fill",
      "font_class": "eye-fill",
      "unicode": "e90a",
      "unicode_decimal": 59658
    },
    {
      "icon_id": "4936669",
      "name": "like-fill",
      "font_class": "like-fill",
      "unicode": "e90b",
      "unicode_decimal": 59659
    },
    {
      "icon_id": "4936671",
      "name": "lock-fill",
      "font_class": "lock-fill",
      "unicode": "e90c",
      "unicode_decimal": 59660
    },
    {
      "icon_id": "4936672",
      "name": "unlike-fill",
      "font_class": "unlike-fill",
      "unicode": "e90d",
      "unicode_decimal": 59661
    },
    {
      "icon_id": "4936673",
      "name": "star-fill",
      "font_class": "star-fill",
      "unicode": "e90e",
      "unicode_decimal": 59662
    },
    {
      "icon_id": "4936674",
      "name": "unlock-fill",
      "font_class": "unlock-fill",
      "unicode": "e90f",
      "unicode_decimal": 59663
    },
    {
      "icon_id": "4936675",
      "name": "alert-fill",
      "font_class": "alert-fill",
      "unicode": "e910",
      "unicode_decimal": 59664
    },
    {
      "icon_id": "4936676",
      "name": "api-fill",
      "font_class": "api-fill",
      "unicode": "e911",
      "unicode_decimal": 59665
    },
    {
      "icon_id": "4936677",
      "name": "highlight-fill",
      "font_class": "highlight-fill",
      "unicode": "e912",
      "unicode_decimal": 59666
    },
    {
      "icon_id": "4936678",
      "name": "phone-fill",
      "font_class": "phone-fill",
      "unicode": "e913",
      "unicode_decimal": 59667
    },
    {
      "icon_id": "4936679",
      "name": "edit-fill",
      "font_class": "edit-fill",
      "unicode": "e914",
      "unicode_decimal": 59668
    },
    {
      "icon_id": "4936680",
      "name": "pushpin-fill",
      "font_class": "pushpin-fill",
      "unicode": "e915",
      "unicode_decimal": 59669
    },
    {
      "icon_id": "4936681",
      "name": "rocket-fill",
      "font_class": "rocket-fill",
      "unicode": "e916",
      "unicode_decimal": 59670
    },
    {
      "icon_id": "4936682",
      "name": "thunderbolt-fill",
      "font_class": "thunderbolt-fill",
      "unicode": "e917",
      "unicode_decimal": 59671
    },
    {
      "icon_id": "4936683",
      "name": "tag-fill",
      "font_class": "tag-fill",
      "unicode": "e918",
      "unicode_decimal": 59672
    },
    {
      "icon_id": "4936684",
      "name": "wrench-fill",
      "font_class": "wrench-fill",
      "unicode": "e919",
      "unicode_decimal": 59673
    },
    {
      "icon_id": "4936685",
      "name": "tags-fill",
      "font_class": "tags-fill",
      "unicode": "e91a",
      "unicode_decimal": 59674
    },
    {
      "icon_id": "4936686",
      "name": "bank-fill",
      "font_class": "bank-fill",
      "unicode": "e91b",
      "unicode_decimal": 59675
    },
    {
      "icon_id": "4936687",
      "name": "camera-fill",
      "font_class": "camera-fill",
      "unicode": "e91c",
      "unicode_decimal": 59676
    },
    {
      "icon_id": "4936688",
      "name": "error-fill",
      "font_class": "error-fill",
      "unicode": "e91d",
      "unicode_decimal": 59677
    },
    {
      "icon_id": "4936689",
      "name": "crown-fill",
      "font_class": "crown-fill",
      "unicode": "e91e",
      "unicode_decimal": 59678
    },
    {
      "icon_id": "4936690",
      "name": "mail-fill",
      "font_class": "mail-fill",
      "unicode": "e91f",
      "unicode_decimal": 59679
    },
    {
      "icon_id": "4936691",
      "name": "car-fill",
      "font_class": "car-fill",
      "unicode": "e920",
      "unicode_decimal": 59680
    },
    {
      "icon_id": "4936692",
      "name": "printer-fill",
      "font_class": "printer-fill",
      "unicode": "e921",
      "unicode_decimal": 59681
    },
    {
      "icon_id": "4936693",
      "name": "shop-fill",
      "font_class": "shop-fill",
      "unicode": "e922",
      "unicode_decimal": 59682
    },
    {
      "icon_id": "4936694",
      "name": "setting-fill",
      "font_class": "setting-fill",
      "unicode": "e923",
      "unicode_decimal": 59683
    },
    {
      "icon_id": "4936695",
      "name": "USB-fill",
      "font_class": "USB-fill",
      "unicode": "e924",
      "unicode_decimal": 59684
    },
    {
      "icon_id": "4936696",
      "name": "golden-fill",
      "font_class": "golden-fill",
      "unicode": "e925",
      "unicode_decimal": 59685
    },
    {
      "icon_id": "4936697",
      "name": "build-fill",
      "font_class": "build-fill",
      "unicode": "e926",
      "unicode_decimal": 59686
    },
    {
      "icon_id": "4936698",
      "name": "box plot-fill",
      "font_class": "boxplot-fill",
      "unicode": "e927",
      "unicode_decimal": 59687
    },
    {
      "icon_id": "4936699",
      "name": "sliders-fill",
      "font_class": "sliders-fill",
      "unicode": "e928",
      "unicode_decimal": 59688
    },
    {
      "icon_id": "4936943",
      "name": "alibaba",
      "font_class": "alibaba",
      "unicode": "e929",
      "unicode_decimal": 59689
    },
    {
      "icon_id": "4936944",
      "name": "alibabacloud",
      "font_class": "alibabacloud",
      "unicode": "e92a",
      "unicode_decimal": 59690
    },
    {
      "icon_id": "4936946",
      "name": "ant design",
      "font_class": "antdesign",
      "unicode": "e92b",
      "unicode_decimal": 59691
    },
    {
      "icon_id": "4936947",
      "name": "ant-cloud",
      "font_class": "ant-cloud",
      "unicode": "e92c",
      "unicode_decimal": 59692
    },
    {
      "icon_id": "4936948",
      "name": "behance",
      "font_class": "behance",
      "unicode": "e92d",
      "unicode_decimal": 59693
    },
    {
      "icon_id": "4936949",
      "name": "google plus",
      "font_class": "googleplus",
      "unicode": "e92e",
      "unicode_decimal": 59694
    },
    {
      "icon_id": "4936950",
      "name": "medium",
      "font_class": "medium",
      "unicode": "e92f",
      "unicode_decimal": 59695
    },
    {
      "icon_id": "4936951",
      "name": "google",
      "font_class": "google",
      "unicode": "e930",
      "unicode_decimal": 59696
    },
    {
      "icon_id": "4936952",
      "name": "IE",
      "font_class": "IE",
      "unicode": "e931",
      "unicode_decimal": 59697
    },
    {
      "icon_id": "4936953",
      "name": "amazon",
      "font_class": "amazon",
      "unicode": "e932",
      "unicode_decimal": 59698
    },
    {
      "icon_id": "4936954",
      "name": "slack",
      "font_class": "slack",
      "unicode": "e933",
      "unicode_decimal": 59699
    },
    {
      "icon_id": "4936955",
      "name": "alipay",
      "font_class": "alipay",
      "unicode": "e934",
      "unicode_decimal": 59700
    },
    {
      "icon_id": "4936956",
      "name": "taobao",
      "font_class": "taobao",
      "unicode": "e935",
      "unicode_decimal": 59701
    },
    {
      "icon_id": "4936957",
      "name": "zhihu",
      "font_class": "zhihu",
      "unicode": "e936",
      "unicode_decimal": 59702
    },
    {
      "icon_id": "4936958",
      "name": "HTML5",
      "font_class": "HTML",
      "unicode": "e937",
      "unicode_decimal": 59703
    },
    {
      "icon_id": "4936959",
      "name": "linkedin",
      "font_class": "linkedin",
      "unicode": "e938",
      "unicode_decimal": 59704
    },
    {
      "icon_id": "4936960",
      "name": "yahoo",
      "font_class": "yahoo",
      "unicode": "e939",
      "unicode_decimal": 59705
    },
    {
      "icon_id": "4936961",
      "name": "facebook",
      "font_class": "facebook",
      "unicode": "e93a",
      "unicode_decimal": 59706
    },
    {
      "icon_id": "4936962",
      "name": "skype",
      "font_class": "skype",
      "unicode": "e93b",
      "unicode_decimal": 59707
    },
    {
      "icon_id": "4936963",
      "name": "CodeSandbox",
      "font_class": "CodeSandbox",
      "unicode": "e93c",
      "unicode_decimal": 59708
    },
    {
      "icon_id": "4936964",
      "name": "chrome",
      "font_class": "chrome",
      "unicode": "e93d",
      "unicode_decimal": 59709
    },
    {
      "icon_id": "4936965",
      "name": "codepen",
      "font_class": "codepen",
      "unicode": "e93e",
      "unicode_decimal": 59710
    },
    {
      "icon_id": "4936966",
      "name": "aliwangwang",
      "font_class": "aliwangwang",
      "unicode": "e93f",
      "unicode_decimal": 59711
    },
    {
      "icon_id": "4936967",
      "name": "apple",
      "font_class": "apple",
      "unicode": "e940",
      "unicode_decimal": 59712
    },
    {
      "icon_id": "4936968",
      "name": "android",
      "font_class": "android",
      "unicode": "e941",
      "unicode_decimal": 59713
    },
    {
      "icon_id": "4936969",
      "name": "sketch",
      "font_class": "sketch",
      "unicode": "e942",
      "unicode_decimal": 59714
    },
    {
      "icon_id": "4936970",
      "name": "Gitlab",
      "font_class": "Gitlab",
      "unicode": "e943",
      "unicode_decimal": 59715
    },
    {
      "icon_id": "4936971",
      "name": "dribbble",
      "font_class": "dribbble",
      "unicode": "e944",
      "unicode_decimal": 59716
    },
    {
      "icon_id": "4936972",
      "name": "instagram",
      "font_class": "instagram",
      "unicode": "e945",
      "unicode_decimal": 59717
    },
    {
      "icon_id": "4936973",
      "name": "reddit",
      "font_class": "reddit",
      "unicode": "e946",
      "unicode_decimal": 59718
    },
    {
      "icon_id": "4936974",
      "name": "windows",
      "font_class": "windows",
      "unicode": "e947",
      "unicode_decimal": 59719
    },
    {
      "icon_id": "4936975",
      "name": "yuque",
      "font_class": "yuque",
      "unicode": "e948",
      "unicode_decimal": 59720
    },
    {
      "icon_id": "4936976",
      "name": "Youtube",
      "font_class": "Youtube",
      "unicode": "e949",
      "unicode_decimal": 59721
    },
    {
      "icon_id": "4936977",
      "name": "Gitlab-fill",
      "font_class": "Gitlab-fill",
      "unicode": "e94a",
      "unicode_decimal": 59722
    },
    {
      "icon_id": "4936978",
      "name": "dropbox",
      "font_class": "dropbox",
      "unicode": "e94b",
      "unicode_decimal": 59723
    },
    {
      "icon_id": "4936979",
      "name": "dingtalk",
      "font_class": "dingtalk",
      "unicode": "e94c",
      "unicode_decimal": 59724
    },
    {
      "icon_id": "4936980",
      "name": "android-fill",
      "font_class": "android-fill",
      "unicode": "e94d",
      "unicode_decimal": 59725
    },
    {
      "icon_id": "4936981",
      "name": "apple-fill",
      "font_class": "apple-fill",
      "unicode": "e94e",
      "unicode_decimal": 59726
    },
    {
      "icon_id": "4936982",
      "name": "HTML5-fill",
      "font_class": "HTML-fill",
      "unicode": "e94f",
      "unicode_decimal": 59727
    },
    {
      "icon_id": "4936983",
      "name": "windows-fill",
      "font_class": "windows-fill",
      "unicode": "e950",
      "unicode_decimal": 59728
    },
    {
      "icon_id": "4936984",
      "name": "QQ",
      "font_class": "QQ",
      "unicode": "e951",
      "unicode_decimal": 59729
    },
    {
      "icon_id": "4936985",
      "name": "twitter",
      "font_class": "twitter",
      "unicode": "e952",
      "unicode_decimal": 59730
    },
    {
      "icon_id": "4936986",
      "name": "skype-fill",
      "font_class": "skype-fill",
      "unicode": "e953",
      "unicode_decimal": 59731
    },
    {
      "icon_id": "4936987",
      "name": "weibo",
      "font_class": "weibo",
      "unicode": "e954",
      "unicode_decimal": 59732
    },
    {
      "icon_id": "4936988",
      "name": "yuque-fill",
      "font_class": "yuque-fill",
      "unicode": "e955",
      "unicode_decimal": 59733
    },
    {
      "icon_id": "4936989",
      "name": "Youtube-fill",
      "font_class": "Youtube-fill",
      "unicode": "e956",
      "unicode_decimal": 59734
    },
    {
      "icon_id": "4936990",
      "name": "yahoo-fill",
      "font_class": "yahoo-fill",
      "unicode": "e957",
      "unicode_decimal": 59735
    },
    {
      "icon_id": "4936991",
      "name": "wechat-fill",
      "font_class": "wechat-fill",
      "unicode": "e958",
      "unicode_decimal": 59736
    },
    {
      "icon_id": "4936992",
      "name": "chrome-fill",
      "font_class": "chrome-fill",
      "unicode": "e959",
      "unicode_decimal": 59737
    },
    {
      "icon_id": "4936993",
      "name": "alipay-circle-fill",
      "font_class": "alipay-circle-fill",
      "unicode": "e95a",
      "unicode_decimal": 59738
    },
    {
      "icon_id": "4936994",
      "name": "aliwangwang-fill",
      "font_class": "aliwangwang-fill",
      "unicode": "e95b",
      "unicode_decimal": 59739
    },
    {
      "icon_id": "4936995",
      "name": "behance-circle-fill",
      "font_class": "behance-circle-fill",
      "unicode": "e95c",
      "unicode_decimal": 59740
    },
    {
      "icon_id": "4936996",
      "name": "amazon-circle-fill",
      "font_class": "amazon-circle-fill",
      "unicode": "e95d",
      "unicode_decimal": 59741
    },
    {
      "icon_id": "4936997",
      "name": "codepen-circle-fill",
      "font_class": "codepen-circle-fill",
      "unicode": "e95e",
      "unicode_decimal": 59742
    },
    {
      "icon_id": "4936998",
      "name": "CodeSandbox-circle-f",
      "font_class": "CodeSandbox-circle-f",
      "unicode": "e95f",
      "unicode_decimal": 59743
    },
    {
      "icon_id": "4936999",
      "name": "dropbox-circle-fill",
      "font_class": "dropbox-circle-fill",
      "unicode": "e960",
      "unicode_decimal": 59744
    },
    {
      "icon_id": "4937000",
      "name": "github-fill",
      "font_class": "github-fill",
      "unicode": "e961",
      "unicode_decimal": 59745
    },
    {
      "icon_id": "4937001",
      "name": "dribbble-circle-fill",
      "font_class": "dribbble-circle-fill",
      "unicode": "e962",
      "unicode_decimal": 59746
    },
    {
      "icon_id": "4937002",
      "name": "google plus-circle-f",
      "font_class": "googleplus-circle-f",
      "unicode": "e963",
      "unicode_decimal": 59747
    },
    {
      "icon_id": "4937003",
      "name": "medium-circle-fill",
      "font_class": "medium-circle-fill",
      "unicode": "e964",
      "unicode_decimal": 59748
    },
    {
      "icon_id": "4937004",
      "name": "QQ-circle-fill",
      "font_class": "QQ-circle-fill",
      "unicode": "e965",
      "unicode_decimal": 59749
    },
    {
      "icon_id": "4937005",
      "name": "IE-circle-fill",
      "font_class": "IE-circle-fill",
      "unicode": "e966",
      "unicode_decimal": 59750
    },
    {
      "icon_id": "4937006",
      "name": "google-circle-fill",
      "font_class": "google-circle-fill",
      "unicode": "e967",
      "unicode_decimal": 59751
    },
    {
      "icon_id": "4937007",
      "name": "dingtalk-circle-fill",
      "font_class": "dingtalk-circle-fill",
      "unicode": "e968",
      "unicode_decimal": 59752
    },
    {
      "icon_id": "4937008",
      "name": "sketch-circle-fill",
      "font_class": "sketch-circle-fill",
      "unicode": "e969",
      "unicode_decimal": 59753
    },
    {
      "icon_id": "4937009",
      "name": "slack-circle-fill",
      "font_class": "slack-circle-fill",
      "unicode": "e96a",
      "unicode_decimal": 59754
    },
    {
      "icon_id": "4937010",
      "name": "twitter-circle-fill",
      "font_class": "twitter-circle-fill",
      "unicode": "e96b",
      "unicode_decimal": 59755
    },
    {
      "icon_id": "4937011",
      "name": "taobao-circle-fill",
      "font_class": "taobao-circle-fill",
      "unicode": "e96c",
      "unicode_decimal": 59756
    },
    {
      "icon_id": "4937012",
      "name": "weibo-circle-fill",
      "font_class": "weibo-circle-fill",
      "unicode": "e96d",
      "unicode_decimal": 59757
    },
    {
      "icon_id": "4937013",
      "name": "zhihu-circle-fill",
      "font_class": "zhihu-circle-fill",
      "unicode": "e96e",
      "unicode_decimal": 59758
    },
    {
      "icon_id": "4937014",
      "name": "reddit-circle-fill",
      "font_class": "reddit-circle-fill",
      "unicode": "e96f",
      "unicode_decimal": 59759
    },
    {
      "icon_id": "4937015",
      "name": "alipay-square-fill",
      "font_class": "alipay-square-fill",
      "unicode": "e970",
      "unicode_decimal": 59760
    },
    {
      "icon_id": "4937016",
      "name": "dingtalk-square-fill",
      "font_class": "dingtalk-square-fill",
      "unicode": "e971",
      "unicode_decimal": 59761
    },
    {
      "icon_id": "4937017",
      "name": "CodeSandbox-square-f",
      "font_class": "CodeSandbox-square-f",
      "unicode": "e972",
      "unicode_decimal": 59762
    },
    {
      "icon_id": "4937018",
      "name": "behance-square-fill",
      "font_class": "behance-square-fill",
      "unicode": "e973",
      "unicode_decimal": 59763
    },
    {
      "icon_id": "4937019",
      "name": "amazon-square-fill",
      "font_class": "amazon-square-fill",
      "unicode": "e974",
      "unicode_decimal": 59764
    },
    {
      "icon_id": "4937020",
      "name": "codepen-square-fill",
      "font_class": "codepen-square-fill",
      "unicode": "e975",
      "unicode_decimal": 59765
    },
    {
      "icon_id": "4937021",
      "name": "dribbble-square-fill",
      "font_class": "dribbble-square-fill",
      "unicode": "e976",
      "unicode_decimal": 59766
    },
    {
      "icon_id": "4937022",
      "name": "dropbox-square-fill",
      "font_class": "dropbox-square-fill",
      "unicode": "e977",
      "unicode_decimal": 59767
    },
    {
      "icon_id": "4937023",
      "name": "facebook-fill",
      "font_class": "facebook-fill",
      "unicode": "e978",
      "unicode_decimal": 59768
    },
    {
      "icon_id": "4937024",
      "name": "google plus-square-f",
      "font_class": "googleplus-square-f",
      "unicode": "e979",
      "unicode_decimal": 59769
    },
    {
      "icon_id": "4937025",
      "name": "google-square-fill",
      "font_class": "google-square-fill",
      "unicode": "e97a",
      "unicode_decimal": 59770
    },
    {
      "icon_id": "4937026",
      "name": "instagram-fill",
      "font_class": "instagram-fill",
      "unicode": "e97b",
      "unicode_decimal": 59771
    },
    {
      "icon_id": "4937027",
      "name": "IE-square-fill",
      "font_class": "IE-square-fill",
      "unicode": "e97c",
      "unicode_decimal": 59772
    },
    {
      "icon_id": "4937028",
      "name": "medium-square-fill",
      "font_class": "medium-square-fill",
      "unicode": "e97d",
      "unicode_decimal": 59773
    },
    {
      "icon_id": "4937029",
      "name": "linkedin-fill",
      "font_class": "linkedin-fill",
      "unicode": "e97e",
      "unicode_decimal": 59774
    },
    {
      "icon_id": "4937030",
      "name": "QQ-square-fill",
      "font_class": "QQ-square-fill",
      "unicode": "e97f",
      "unicode_decimal": 59775
    },
    {
      "icon_id": "4937031",
      "name": "reddit-square-fill",
      "font_class": "reddit-square-fill",
      "unicode": "e980",
      "unicode_decimal": 59776
    },
    {
      "icon_id": "4937032",
      "name": "twitter-square-fill",
      "font_class": "twitter-square-fill",
      "unicode": "e981",
      "unicode_decimal": 59777
    },
    {
      "icon_id": "4937033",
      "name": "sketch-square-fill",
      "font_class": "sketch-square-fill",
      "unicode": "e982",
      "unicode_decimal": 59778
    },
    {
      "icon_id": "4937034",
      "name": "slack-square-fill",
      "font_class": "slack-square-fill",
      "unicode": "e983",
      "unicode_decimal": 59779
    },
    {
      "icon_id": "4937035",
      "name": "taobao-square-fill",
      "font_class": "taobao-square-fill",
      "unicode": "e984",
      "unicode_decimal": 59780
    },
    {
      "icon_id": "4937036",
      "name": "weibo-square-fill",
      "font_class": "weibo-square-fill",
      "unicode": "e985",
      "unicode_decimal": 59781
    },
    {
      "icon_id": "4937037",
      "name": "zhihu-square-fill",
      "font_class": "zhihu-square-fill",
      "unicode": "e986",
      "unicode_decimal": 59782
    },
    {
      "icon_id": "5756279",
      "name": "zoom out",
      "font_class": "zoomout",
      "unicode": "e987",
      "unicode_decimal": 59783
    },
    {
      "icon_id": "5756280",
      "name": "apartment",
      "font_class": "apartment",
      "unicode": "e988",
      "unicode_decimal": 59784
    },
    {
      "icon_id": "5756281",
      "name": "audio",
      "font_class": "audio",
      "unicode": "e989",
      "unicode_decimal": 59785
    },
    {
      "icon_id": "5756282",
      "name": "audio-fill",
      "font_class": "audio-fill",
      "unicode": "e98a",
      "unicode_decimal": 59786
    },
    {
      "icon_id": "5756283",
      "name": "robot",
      "font_class": "robot",
      "unicode": "e98b",
      "unicode_decimal": 59787
    },
    {
      "icon_id": "5756284",
      "name": "zoom in",
      "font_class": "zoomin",
      "unicode": "e98c",
      "unicode_decimal": 59788
    },
    {
      "icon_id": "6598312",
      "name": "robot-fill",
      "font_class": "robot-fill",
      "unicode": "e98d",
      "unicode_decimal": 59789
    },
    {
      "icon_id": "6598313",
      "name": "bug-fill",
      "font_class": "bug-fill",
      "unicode": "e98e",
      "unicode_decimal": 59790
    },
    {
      "icon_id": "6598314",
      "name": "bug",
      "font_class": "bug",
      "unicode": "e98f",
      "unicode_decimal": 59791
    },
    {
      "icon_id": "6598315",
      "name": "audio static",
      "font_class": "audiostatic",
      "unicode": "e990",
      "unicode_decimal": 59792
    },
    {
      "icon_id": "6598316",
      "name": "comment",
      "font_class": "comment",
      "unicode": "e991",
      "unicode_decimal": 59793
    },
    {
      "icon_id": "6598317",
      "name": "signal-fill",
      "font_class": "signal-fill",
      "unicode": "e992",
      "unicode_decimal": 59794
    },
    {
      "icon_id": "6598318",
      "name": "verified",
      "font_class": "verified",
      "unicode": "e993",
      "unicode_decimal": 59795
    },
    {
      "icon_id": "6598319",
      "name": "shortcut-fill",
      "font_class": "shortcut-fill",
      "unicode": "e994",
      "unicode_decimal": 59796
    },
    {
      "icon_id": "6598320",
      "name": "videocamera add",
      "font_class": "videocameraadd",
      "unicode": "e995",
      "unicode_decimal": 59797
    },
    {
      "icon_id": "6598321",
      "name": "switch user",
      "font_class": "switchuser",
      "unicode": "e996",
      "unicode_decimal": 59798
    },
    {
      "icon_id": "6598322",
      "name": "whatsapp",
      "font_class": "whatsapp",
      "unicode": "e997",
      "unicode_decimal": 59799
    },
    {
      "icon_id": "6598323",
      "name": "appstore add",
      "font_class": "appstoreadd",
      "unicode": "e998",
      "unicode_decimal": 59800
    },
    {
      "icon_id": "6598339",
      "name": "caret-down",
      "font_class": "caret-down",
      "unicode": "e999",
      "unicode_decimal": 59801
    },
    {
      "icon_id": "6598340",
      "name": "backward",
      "font_class": "backward",
      "unicode": "e99a",
      "unicode_decimal": 59802
    },
    {
      "icon_id": "6598341",
      "name": "caret-up",
      "font_class": "caret-up",
      "unicode": "e99b",
      "unicode_decimal": 59803
    },
    {
      "icon_id": "6598342",
      "name": "caret-right",
      "font_class": "caret-right",
      "unicode": "e99c",
      "unicode_decimal": 59804
    },
    {
      "icon_id": "6598343",
      "name": "caret-left",
      "font_class": "caret-left",
      "unicode": "e99d",
      "unicode_decimal": 59805
    },
    {
      "icon_id": "6598344",
      "name": "fast-backward",
      "font_class": "fast-backward",
      "unicode": "e99e",
      "unicode_decimal": 59806
    },
    {
      "icon_id": "6598345",
      "name": "forward",
      "font_class": "forward",
      "unicode": "e99f",
      "unicode_decimal": 59807
    },
    {
      "icon_id": "6598346",
      "name": "fast-forward",
      "font_class": "fast-forward",
      "unicode": "e9a0",
      "unicode_decimal": 59808
    },
    {
      "icon_id": "6598347",
      "name": "search",
      "font_class": "search",
      "unicode": "e9a1",
      "unicode_decimal": 59809
    },
    {
      "icon_id": "6598348",
      "name": "retweet",
      "font_class": "retweet",
      "unicode": "e9a2",
      "unicode_decimal": 59810
    },
    {
      "icon_id": "6598349",
      "name": "login",
      "font_class": "login",
      "unicode": "e9a3",
      "unicode_decimal": 59811
    },
    {
      "icon_id": "6598350",
      "name": "step-backward",
      "font_class": "step-backward",
      "unicode": "e9a4",
      "unicode_decimal": 59812
    },
    {
      "icon_id": "6598351",
      "name": "step-forward",
      "font_class": "step-forward",
      "unicode": "e9a5",
      "unicode_decimal": 59813
    },
    {
      "icon_id": "6598352",
      "name": "swap-right",
      "font_class": "swap-right",
      "unicode": "e9a6",
      "unicode_decimal": 59814
    },
    {
      "icon_id": "6598353",
      "name": "swap-left",
      "font_class": "swap-left",
      "unicode": "e9a7",
      "unicode_decimal": 59815
    },
    {
      "icon_id": "6598354",
      "name": "woman",
      "font_class": "woman",
      "unicode": "e9a8",
      "unicode_decimal": 59816
    },
    {
      "icon_id": "6687036",
      "name": "steam",
      "font_class": "steam",
      "unicode": "e60a",
      "unicode_decimal": 58890
    },
    {
      "icon_id": "7834345",
      "name": "plus",
      "font_class": "plus",
      "unicode": "e9a9",
      "unicode_decimal": 59817
    },
    {
      "icon_id": "8092166",
      "name": "eye close-fill",
      "font_class": "eyeclose-fill",
      "unicode": "e9aa",
      "unicode_decimal": 59818
    },
    {
      "icon_id": "8092167",
      "name": "eye-close",
      "font_class": "eye-close",
      "unicode": "e9ab",
      "unicode_decimal": 59819
    },
    {
      "icon_id": "8094805",
      "name": "clear",
      "font_class": "clear",
      "unicode": "e9ac",
      "unicode_decimal": 59820
    },
    {
      "icon_id": "8094806",
      "name": "collapse",
      "font_class": "collapse",
      "unicode": "e9ad",
      "unicode_decimal": 59821
    },
    {
      "icon_id": "8094807",
      "name": "expand",
      "font_class": "expand",
      "unicode": "e9ae",
      "unicode_decimal": 59822
    },
    {
      "icon_id": "8094808",
      "name": "delete column",
      "font_class": "deletecolumn",
      "unicode": "e9af",
      "unicode_decimal": 59823
    },
    {
      "icon_id": "8094809",
      "name": "merge-cells",
      "font_class": "merge-cells",
      "unicode": "e9b0",
      "unicode_decimal": 59824
    },
    {
      "icon_id": "8094810",
      "name": "subnode",
      "font_class": "subnode",
      "unicode": "e9b1",
      "unicode_decimal": 59825
    },
    {
      "icon_id": "8094811",
      "name": "rotate-left",
      "font_class": "rotate-left",
      "unicode": "e9b2",
      "unicode_decimal": 59826
    },
    {
      "icon_id": "8094812",
      "name": "rotate-right",
      "font_class": "rotate-right",
      "unicode": "e9b3",
      "unicode_decimal": 59827
    },
    {
      "icon_id": "8094813",
      "name": "insert row below",
      "font_class": "insertrowbelow",
      "unicode": "e9b4",
      "unicode_decimal": 59828
    },
    {
      "icon_id": "8094814",
      "name": "insert row above",
      "font_class": "insertrowabove",
      "unicode": "e9b5",
      "unicode_decimal": 59829
    },
    {
      "icon_id": "8094815",
      "name": "table",
      "font_class": "table1",
      "unicode": "e9b6",
      "unicode_decimal": 59830
    },
    {
      "icon_id": "8094816",
      "name": "solit-cells",
      "font_class": "solit-cells",
      "unicode": "e9b7",
      "unicode_decimal": 59831
    },
    {
      "icon_id": "8094817",
      "name": "format painter",
      "font_class": "formatpainter",
      "unicode": "e9b8",
      "unicode_decimal": 59832
    },
    {
      "icon_id": "8094818",
      "name": "insert row right",
      "font_class": "insertrowright",
      "unicode": "e9b9",
      "unicode_decimal": 59833
    },
    {
      "icon_id": "8094819",
      "name": "format painter-fill",
      "font_class": "formatpainter-fill",
      "unicode": "e9ba",
      "unicode_decimal": 59834
    },
    {
      "icon_id": "8094820",
      "name": "insert row left",
      "font_class": "insertrowleft",
      "unicode": "e9bb",
      "unicode_decimal": 59835
    },
    {
      "icon_id": "8094821",
      "name": "translate",
      "font_class": "translate",
      "unicode": "e9bc",
      "unicode_decimal": 59836
    },
    {
      "icon_id": "8094822",
      "name": "delete row",
      "font_class": "deleterow",
      "unicode": "e9bd",
      "unicode_decimal": 59837
    },
    {
      "icon_id": "8094823",
      "name": "sisternode",
      "font_class": "sisternode",
      "unicode": "e9be",
      "unicode_decimal": 59838
    },
    {
      "icon_id": "9229175",
      "name": "Field-number",
      "font_class": "Field-number",
      "unicode": "e9c0",
      "unicode_decimal": 59840
    },
    {
      "icon_id": "9229176",
      "name": "Field-String",
      "font_class": "Field-String",
      "unicode": "e9c1",
      "unicode_decimal": 59841
    },
    {
      "icon_id": "9229177",
      "name": "Function",
      "font_class": "Function",
      "unicode": "e9c2",
      "unicode_decimal": 59842
    },
    {
      "icon_id": "9229178",
      "name": "Field-time",
      "font_class": "Field-time",
      "unicode": "e9c3",
      "unicode_decimal": 59843
    },
    {
      "icon_id": "9229179",
      "name": "GIF",
      "font_class": "GIF",
      "unicode": "e9c4",
      "unicode_decimal": 59844
    },
    {
      "icon_id": "9229180",
      "name": "Partition",
      "font_class": "Partition",
      "unicode": "e9c5",
      "unicode_decimal": 59845
    },
    {
      "icon_id": "9229181",
      "name": "index",
      "font_class": "index",
      "unicode": "e9c6",
      "unicode_decimal": 59846
    },
    {
      "icon_id": "9229182",
      "name": "Stored procedure",
      "font_class": "Storedprocedure",
      "unicode": "e9c7",
      "unicode_decimal": 59847
    },
    {
      "icon_id": "9229184",
      "name": "Field-Binary",
      "font_class": "Field-Binary",
      "unicode": "e9c8",
      "unicode_decimal": 59848
    },
    {
      "icon_id": "9229185",
      "name": "Console-SQL",
      "font_class": "Console-SQL",
      "unicode": "e9c9",
      "unicode_decimal": 59849
    },
    {
      "icon_id": "9230689",
      "name": "1:1",
      "font_class": "icon-test",
      "unicode": "e9ca",
      "unicode_decimal": 59850
    },
    {
      "icon_id": "9230690",
      "name": "aim",
      "font_class": "aim",
      "unicode": "e9cb",
      "unicode_decimal": 59851
    },
    {
      "icon_id": "9230691",
      "name": "compress",
      "font_class": "compress",
      "unicode": "e9cc",
      "unicode_decimal": 59852
    },
    {
      "icon_id": "9230692",
      "name": "expend",
      "font_class": "expend",
      "unicode": "e9cd",
      "unicode_decimal": 59853
    },
    {
      "icon_id": "9230693",
      "name": "folder-view",
      "font_class": "folder-view",
      "unicode": "e9ce",
      "unicode_decimal": 59854
    },
    {
      "icon_id": "9230694",
      "name": "file-GIF",
      "font_class": "file-GIF",
      "unicode": "e9cf",
      "unicode_decimal": 59855
    },
    {
      "icon_id": "9230695",
      "name": "group",
      "font_class": "group",
      "unicode": "e9d0",
      "unicode_decimal": 59856
    },
    {
      "icon_id": "9230696",
      "name": "send",
      "font_class": "send",
      "unicode": "e9d1",
      "unicode_decimal": 59857
    },
    {
      "icon_id": "9230697",
      "name": "Report",
      "font_class": "Report",
      "unicode": "e9d2",
      "unicode_decimal": 59858
    },
    {
      "icon_id": "9230698",
      "name": "View",
      "font_class": "View",
      "unicode": "e9d3",
      "unicode_decimal": 59859
    },
    {
      "icon_id": "9230699",
      "name": "shortcut",
      "font_class": "shortcut",
      "unicode": "e9d4",
      "unicode_decimal": 59860
    },
    {
      "icon_id": "9230700",
      "name": "ungroup",
      "font_class": "ungroup",
      "unicode": "e9d5",
      "unicode_decimal": 59861
    }
  ]
}
