{"tag":[{"name":"vue","type":"vue"},{"name":"css","type":"css"},{"name":"javascript","type":""},{"name":"小程序","type":"applets"},{"name":"vuepress","type":"vuepress"},{"name":"转","type":"info"},{"name":"music","type":"music","icon":"say-my-life-i say-my-life-i-musicnote"},{"name":"奇闻异事","type":"anecdote"},{"name":"movie","type":"movie","icon":"shni shn-video-fill"},{"name":"git","type":"git"},{"name":"工具","type":"git"}],"blog":[{"title":"你给我听好 - 陈奕迅","tag":[{"name":"music","type":"music","icon":"say-my-life-i say-my-life-i-musicnote"}],"url":"/blog/music/NiGeiWoTingHao.html","date":"2020/08/03 16:13:28","dir":false,"top":false},{"title":"15 张精美动图全面讲解 CORS","tag":[{"name":"javascript","type":""},{"name":"转","type":"info"}],"url":"/blog/other/CORS.html","date":"2020/08/03 15:10:37","dir":true,"top":false},{"title":"用户自定义主题色方案","tag":[{"name":"css","type":"css"},{"name":"javascript","type":""}],"url":"/blog/css/ThemeColor.html","date":"2020/08/03 15:10:37","dir":false,"top":false},{"title":"学会使用Vue JSX，一车老干妈都是你的","tag":[{"name":"vue","type":"vue"},{"name":"javascript","type":""},{"name":"转","type":"info"}],"url":"/blog/vue/JSX.html","date":"2020/07/20 10:10:11","dir":true,"top":false},{"title":"组件库源码中这些写法你掌握了吗？","tag":[{"name":"vue","type":"vue"},{"name":"javascript","type":""},{"name":"转","type":"info"}],"url":"/blog/vue/ElLibraryCode.html","date":"2020/07/14 10:02:59","dir":true,"top":false},{"title":"Vuex模块化","tag":[{"name":"vue","type":"vue"}],"url":"/blog/vue/VuexModules.html","date":"2020/06/11 15:36:16","dir":true,"top":false},{"title":"少女 - 林宥嘉","tag":[{"name":"music","type":"music","icon":"say-my-life-i say-my-life-i-musicnote"}],"url":"/blog/music/ShaoNv.html","date":"2020/06/02 14:03:44","dir":false,"top":false},{"title":"安利一个我自己写的一个小插件：vue-touch-box","tag":[{"name":"vue","type":"vue"}],"url":"/blog/vue/VueTouchBox.html","date":"2020/05/28 15:41:20","dir":false,"top":true},{"title":"使用JS实现平滑滚动至锚点","tag":[{"name":"vue","type":"vue"},{"name":"javascript","type":""}],"url":"/blog/js/SmoothScrollAnchor.html","date":"2020/05/22 14:34:28"},{"title":"视频下载工具 - youtube-dl","tag":[{"name":"movie","type":"movie","icon":"shni shn-video-fill"},{"name":"工具","type":"git"}],"url":"/blog/other/YouTuBeDl.html","date":"2020/05/21 16:15:06"},{"title":"淘汰 - 陈奕迅","tag":[{"name":"music","type":"music","icon":"say-my-life-i say-my-life-i-musicnote"}],"url":"/blog/music/TaoTai.html","date":"2020/05/21 14:14:04"},{"title":"Element-ui-table组件如何动态修改sort-icon","tag":[{"name":"vue","type":"vue"}],"url":"/blog/vue/ElementUiTableSortIcon.html","date":"2020/05/14 17:24:02"},{"title":"春秋 - 张敬轩","tag":[{"name":"music","type":"music","icon":"say-my-life-i say-my-life-i-musicnote"}],"url":"/blog/music/ChunQiu.html","date":"2020/05/08 17:36:36"},{"title":"git 忽略已提交文件的修改","tag":[{"name":"git","type":"git"}],"url":"/blog/git/UpdateIndex.html","date":"2020/05/08 15:05"},{"title":"逐行级别的 Vue 源码分析","tag":[{"name":"vue"}],"url":"/blog/vue/VueDesign.html","date":"2020/05/07 17:00"},{"title":"记录片 - 河西走廊","tag":[{"name":"movie","type":"movie","icon":"shni shn-video-fill"}],"url":"/blog/movie/HeXiZouLang.html","date":"2020/05/07 14:00"},{"title":"记录片 - 行星","tag":[{"name":"movie","type":"movie","icon":"shni shn-video-fill"}],"url":"/blog/movie/ThePlanets.html","date":"2020/05/07 14:00"},{"title":"记得 - 林俊杰","tag":[{"name":"music","type":"music","icon":"say-my-life-i say-my-life-i-musicnote"}],"url":"/blog/music/Jide.html","date":"2020/04/30 10:30"},{"title":"一份关于vue-cli3项目常用项配置","tag":[{"name":"vue"},{"name":"转","type":"info"}],"url":"/blog/vue/VueCli3Config.html","date":"2020/04/30 10:30"},{"title":"地底爬虫人访谈 - 勒斯塔檔案","tag":[{"name":"奇闻异事","type":"anecdote"},{"name":"转","type":"info"}],"url":"/blog/anecdote/LacertaFiles.html","date":"2020/04/29 15:00"},{"title":"超级喜欢这些LIVE 赶紧安利","tag":[{"name":"music","type":"music","icon":"say-my-life-i say-my-life-i-musicnote"}],"url":"/blog/music/Live.html","date":"2020/04/26 17:40"},{"title":"蜜蜂 - 万岁爺","tag":[{"name":"music","type":"music","icon":"say-my-life-i say-my-life-i-musicnote"}],"url":"/blog/music/Mifeng.html","date":"2020/04/26 17:30"},{"title":"国内静态页面托管","tag":[],"url":"/blog/other/StaticWebHost.html","date":"2020/04/24 16:00"},{"title":"Vue把页面导出为pdf文件","tag":[{"name":"vue"}],"url":"/blog/vue/VueExportPdf.html","date":"2020/04/21 18:00"},{"title":"Vue@click全部增加节流策略！","tag":[{"name":"vue"}],"url":"/blog/vue/VueAllClickThrottle.html","date":"2020/04/20 11:40","summary":"所有的单击事件批量添加节流/防抖策略"},{"title":"shn-vue-ui：我造了一个轮子（Vue-UI库）","tag":[{"name":"vue"}],"url":"/blog/vue/ShnVueUi.html","date":"2020/04/17 16:00","summary":"N久之前造了一个ui库，和常用库还是有很大差距的，不过可以用来参考~"},{"title":"安利一个我自己写的小程序：AA计算器","tag":[{"name":"小程序","type":"applets"}],"url":"/blog/applets/AACalculator.html","date":"2020/04/17 15:00","top":true},{"title":"Vue打包抛出document/window报错","tag":[{"name":"vue"}],"url":"/blog/vue/VueDocumentWindowError.html","date":"2020/04/16 11:30"},{"title":"VuePress主题继承","tag":[{"name":"vue"},{"name":"vuepress","type":"vuepress"}],"url":"/blog/vue/VuepressInheritanceTheme.html","date":"2020/04/15 16:00","summary":"想要在VuePress的默认主题上动动土，看这个就对了"},{"title":"使用CSS改变DOM显示顺序","tag":[{"name":"css"}],"url":"/blog/css/CssDomOrder.html","date":"2020/04/14 14:36"},{"title":"整个网站网页变黑白的效果","tag":[{"name":"css"}],"url":"/blog/css/FilterBW.html","date":"2020/04/04 14:36","summary":"因为今天是对抗击新冠肺炎疫情斗争牺牲烈士和逝世通报的全国哀悼日，很多网站都把页面变成了黑白色,那这个是怎么做的呢?"},{"title":"这15个Vue自定义指令，让你的项目开发爽到爆","tag":[{"name":"vue"},{"name":"转","type":"info"}],"url":"/blog/vue/VueDirective.html","date":"2020/04/03 15:30","summary":"留了一些我觉得派得上用场的自定义指令"},{"title":"VuePress的疑难杂症","tag":[{"name":"vue"},{"name":"vuepress","type":"vuepress"}],"url":"/blog/vue/VuepressIntractableDisease.html","date":"2020/04/03 12:04","summary":"如何搭建一个VuePress技术文档/博客？enhanceApp.js 怎么写？如何更改首页内容？如何打包并部署到github pages/gitee pages？"},{"title":"CSS — BEM 命名规范","tag":[{"name":"css"},{"name":"转","type":"info"}],"url":"/blog/css/Bem.html","date":"2020/04/03 10:58","summary":"Bem 是块（block）、元素（element）、修饰符（modifier）的简写，由 Yandex 团队提出的一种前端 CSS 命名方法论"},{"title":"pdf.js使用和JS实现嵌套Iframe页面F11全屏效果","tag":[{"name":"javascript"},{"name":"转","type":"info"}],"url":"/blog/js/Pdfjs.html","date":"2020/04/02 10:58"},{"title":"高质量前端快照方案：来自页面的「自拍」","tag":[{"name":"javascript"},{"name":"转","type":"info"}],"url":"/blog/js/Screenshot.html","date":"2020/04/02 10:54","summary":"将网页保存为图片（以下简称为快照），是用户记录和分享页面信息的有效手段，在各种兴趣测试和营销推广等形式的活动页面中尤为常见..."}]}