[{
        "name": "野宁新之助",
        "href": "https://www.sanghangning.cn",
        "icon": "https://cdn.chenyingshuang.cn/index/avatar.jpg",
        "description": "说说我的生活"
    },
    {
        "name": "OhYee",
        "href": "https://www.oyohyee.com/",
        "icon": "https://www.oyohyee.com/static/img/logo.svg",
        "description": "🤪乱七八糟啥都写，善用搜索"
    },
    {
        "name": "YEVPT",
        "href": "https://yevpt.com",
        "icon": "https://i.loli.net/2019/12/11/pHTANBW5oPLlgej.jpg",
        "description": "我喜欢要么极度悲伤要么淡淡温暖。"
    }
]